Name,Category,Family,Rarity,RarityName,Tier,DisplayName,GUID,DescGUID,HasGPO,HeightUU,HeightHex,HeightFullHex,LayoutType,HasKnockback,HasUEFN,HasBuildOverlaps,HasOverlapTest,ExtraProps,Description
TID_Ceiling_Electric_AOE_R_T01,ceiling,Electric_AOE,R,Rare,T01,"Ceiling Electric Field",21CE054F40466471DA7FD7B616BFE4BF,E9E82BBA450E7ADE807C088A7F57982C,1,-10,20 C1,00 00 20 C1,shifted-overlaps,0,0,1,0,1,"Targets enemies in a 3x3 tile range around trap."
TID_Ceiling_Electric_AOE_R_T02,ceiling,Electric_AOE,R,Rare,T02,"Ceiling Electric Field",A3A11EDF4ADABFE83FEFDE872780FE97,604C34A44CDF268829BC649B64BE184A,1,-10,20 C1,00 00 20 C1,shifted-overlaps,0,0,1,0,1,"Targets enemies in a 3x3 tile range around trap."
TID_Ceiling_Electric_AOE_R_T03,ceiling,Electric_AOE,R,Rare,T03,"Ceiling Electric Field",A3DF1ABD4275C52F67256B8D880526F5,006E256F46B86EE13AC972892B257365,1,-10,20 C1,00 00 20 C1,shifted-overlaps,0,0,1,0,1,"Targets enemies in a 3x3 tile range around trap."
TID_Ceiling_Electric_AOE_R_T04,ceiling,Electric_AOE,R,Rare,T04,"Ceiling Electric Field",8AC33B1745853A7F9586A5BB60B044B8,1DB42E014CFBE6314466B886D3282299,1,-10,20 C1,00 00 20 C1,shifted-overlaps,0,0,1,0,1,"Targets enemies in a 3x3 tile range around trap."
TID_Ceiling_Electric_AOE_VR_T01,ceiling,Electric_AOE,VR,Epic,T01,"Ceiling Electric Field",A04310094FD8F6A28980C0938D4C4206,15DCB4544F73730A8665EE82775E1819,1,-10,20 C1,00 00 20 C1,shifted-overlaps,0,0,1,0,1,"Targets enemies in a 3x3 tile range around trap."
TID_Ceiling_Electric_AOE_VR_T02,ceiling,Electric_AOE,VR,Epic,T02,"Ceiling Electric Field",1255615640F11816BB7B709D5C61FD52,0789B06740F001C74EBFB0BAAB0DDCCD,1,-10,20 C1,00 00 20 C1,shifted-overlaps,0,0,1,0,1,"Targets enemies in a 3x3 tile range around trap."
TID_Ceiling_Electric_AOE_VR_T03,ceiling,Electric_AOE,VR,Epic,T03,"Ceiling Electric Field",902292D649AE785E80F1E682F332C529,1903C371497DF40045995685FEDCB1CD,1,-10,20 C1,00 00 20 C1,shifted-overlaps,0,0,1,0,1,"Targets enemies in a 3x3 tile range around trap."
TID_Ceiling_Electric_AOE_VR_T04,ceiling,Electric_AOE,VR,Epic,T04,"Ceiling Electric Field",FA0AA2484B93B43FFE687A852B617851,02311CF54AD9E2B6AE19D8BAD5609359,1,-10,20 C1,00 00 20 C1,shifted-overlaps,0,0,1,0,1,"Targets enemies in a 3x3 tile range around trap."
TID_Ceiling_Electric_AOE_VR_T05,ceiling,Electric_AOE,VR,Epic,T05,"Ceiling Electric Field",75DCB7E64021FF6CCB9761A1AE369C15,AF22AA3B448D6D2E1919FC84BB311EC0,1,-10,20 C1,00 00 20 C1,shifted-overlaps,0,0,1,0,1,"Targets enemies in a 3x3 tile range around trap."
TID_Ceiling_Electric_AOE_SR_T01,ceiling,Electric_AOE,SR,Legendary,T01,"Ceiling Electric Field",EC5DD75A440B171012DA768278C96FD0,C6FEBF6A4B814BBD2A350AB40FD84F8E,1,-10,20 C1,00 00 20 C1,shifted-overlaps,0,0,1,0,1,"Targets enemies in a 3x3 tile range around trap."
TID_Ceiling_Electric_AOE_SR_T02,ceiling,Electric_AOE,SR,Legendary,T02,"Ceiling Electric Field",CCB958D74EE0BB8D88A34680C39F023C,97C1A116445747A8485FADBFF078AD1F,1,-10,20 C1,00 00 20 C1,shifted-overlaps,0,0,1,0,1,"Targets enemies in a 3x3 tile range around trap."
TID_Ceiling_Electric_AOE_SR_T03,ceiling,Electric_AOE,SR,Legendary,T03,"Ceiling Electric Field",D0EBF2374531E7F7F0A873A1EE665359,31E9EB274247B051AA185898EFA40BB5,1,-10,20 C1,00 00 20 C1,shifted-overlaps,0,0,1,0,1,"Targets enemies in a 3x3 tile range around trap."
TID_Ceiling_Electric_AOE_SR_T04,ceiling,Electric_AOE,SR,Legendary,T04,"Ceiling Electric Field",2EA2DD7C46051ACB8163F28755284E47,EA81112D4C906C3F272EBDB7FC9F4784,1,-10,20 C1,00 00 20 C1,shifted-overlaps,0,0,1,0,1,"Targets enemies in a 3x3 tile range around trap."
TID_Ceiling_Electric_AOE_SR_T05,ceiling,Electric_AOE,SR,Legendary,T05,"Ceiling Electric Field",B8C61E7C4F7FCB7D39C2F58EAE53C2B3,C6D76A97474EE373DDDFE89F5FDEA1B3,1,-10,20 C1,00 00 20 C1,shifted-overlaps,0,0,1,0,1,"Targets enemies in a 3x3 tile range around trap."
TID_Ceiling_Electric_Single_UC_T01,ceiling,Electric_Single,UC,Uncommon,T01,"Ceiling Zapper",02C43D704998722BD24A6E8C122D9B97,778376174D6E7FF45EF3ADB5B5EC85C0,1,-20,A0 C1,00 00 A0 C1,shifted-overlaps,0,0,1,0,1,"Targets a single enemy, doing a large amount of damage and impact."
TID_Ceiling_Electric_Single_UC_T02,ceiling,Electric_Single,UC,Uncommon,T02,"Ceiling Zapper",A985D01C4C6FA96910A1AD99B0C3BFEA,DCDD1E204044063F4361A997E80BF257,1,-20,A0 C1,00 00 A0 C1,shifted-overlaps,0,0,1,0,1,"Targets a single enemy, doing a large amount of damage and impact."
TID_Ceiling_Electric_Single_UC_T03,ceiling,Electric_Single,UC,Uncommon,T03,"Ceiling Zapper",BCE6D6D34A7C149359EE768E39A321DF,CAF0C67F44209993903180A2B25C257D,1,-20,A0 C1,00 00 A0 C1,shifted-overlaps,0,0,1,0,1,"Targets a single enemy, doing a large amount of damage and impact."
TID_Ceiling_Electric_Single_R_T01,ceiling,Electric_Single,R,Rare,T01,"Ceiling Zapper",306EDB894EB8C80203202DBBCFC093D6,1094BC9C487DB354FEAAFF9674FF4BF7,1,-20,A0 C1,00 00 A0 C1,shifted-overlaps,0,0,1,0,1,"Targets a single enemy, doing a large amount of damage and impact."
TID_Ceiling_Electric_Single_R_T02,ceiling,Electric_Single,R,Rare,T02,"Ceiling Zapper",B4B5D5E04A949C65B76254B1ECB0B502,5B4BDAD04C4CB8C273165B8600C951EF,1,-20,A0 C1,00 00 A0 C1,shifted-overlaps,0,0,1,0,1,"Targets a single enemy, doing a large amount of damage and impact."
TID_Ceiling_Electric_Single_R_T03,ceiling,Electric_Single,R,Rare,T03,"Ceiling Zapper",09F0285B4D4DCDF125B6C2BC87ABE028,7FD932294796D6A6E595A7A7429FD2B9,1,-20,A0 C1,00 00 A0 C1,shifted-overlaps,0,0,1,0,1,"Targets a single enemy, doing a large amount of damage and impact."
TID_Ceiling_Electric_Single_R_T04,ceiling,Electric_Single,R,Rare,T04,"Ceiling Zapper",86B980DE4A6D325B2BC5AEA487B3A26E,9464323C42AFD4FB5A98839A818796AC,1,-20,A0 C1,00 00 A0 C1,shifted-overlaps,0,0,1,0,1,"Targets a single enemy, doing a large amount of damage and impact."
TID_Ceiling_Electric_Single_VR_T01,ceiling,Electric_Single,VR,Epic,T01,"Ceiling Zapper",3F333BBB488A3F9AB67511B5762C714B,97E90FF24CCAE85F9B3AE2A1C0DBF682,1,-20,A0 C1,00 00 A0 C1,shifted-overlaps,0,0,1,0,1,"Targets a single enemy, doing a large amount of damage and impact."
TID_Ceiling_Electric_Single_VR_T02,ceiling,Electric_Single,VR,Epic,T02,"Ceiling Zapper",344FAD2B4717A3141897539DBE7ED264,465FE5BE4B948F78E3ECB8AC6EADEEE6,1,-20,A0 C1,00 00 A0 C1,shifted-overlaps,0,0,1,0,1,"Targets a single enemy, doing a large amount of damage and impact."
TID_Ceiling_Electric_Single_VR_T03,ceiling,Electric_Single,VR,Epic,T03,"Ceiling Zapper",D0AB5DB3470467ED830C3F896186C185,B80933914352D2EC196954B1F05645BC,1,-20,A0 C1,00 00 A0 C1,shifted-overlaps,0,0,1,0,1,"Targets a single enemy, doing a large amount of damage and impact."
TID_Ceiling_Electric_Single_VR_T04,ceiling,Electric_Single,VR,Epic,T04,"Ceiling Zapper",2011B7184F8DF5CE8BC098B22E819AAD,2A1ABAD94B27C7C3CCE05D9159393E13,1,-20,A0 C1,00 00 A0 C1,shifted-overlaps,0,0,1,0,1,"Targets a single enemy, doing a large amount of damage and impact."
TID_Ceiling_Electric_Single_VR_T05,ceiling,Electric_Single,VR,Epic,T05,"Ceiling Zapper",05A66995459743A198868FB13D030F2F,44086881423DB4773A9C83ACD0476D31,1,-20,A0 C1,00 00 A0 C1,shifted-overlaps,0,0,1,0,1,"Targets a single enemy, doing a large amount of damage and impact."
TID_Ceiling_Electric_Single_SR_T01,ceiling,Electric_Single,SR,Legendary,T01,"Ceiling Zapper",FA3FF52A4584C326BCD31D9475BA37E6,564BDEDC46478C0516E40C8D46A3D850,1,-20,A0 C1,00 00 A0 C1,shifted-overlaps,0,0,1,0,1,"Targets a single enemy, doing a large amount of damage and impact."
TID_Ceiling_Electric_Single_SR_T02,ceiling,Electric_Single,SR,Legendary,T02,"Ceiling Zapper",AEAD95CB4036BCA81FBC7EBB6D10F9D3,D7B45D1146BA2BB4F3829AAA58940D9B,1,-20,A0 C1,00 00 A0 C1,shifted-overlaps,0,0,1,0,1,"Targets a single enemy, doing a large amount of damage and impact."
TID_Ceiling_Electric_Single_SR_T03,ceiling,Electric_Single,SR,Legendary,T03,"Ceiling Zapper",2FEBE956444D7D8DA12EDABB9B3A03B8,5579DC6D47DE5517EB26F78BE72E6EDA,1,-20,A0 C1,00 00 A0 C1,shifted-overlaps,0,0,1,0,1,"Targets a single enemy, doing a large amount of damage and impact."
TID_Ceiling_Electric_Single_SR_T04,ceiling,Electric_Single,SR,Legendary,T04,"Ceiling Zapper",4A6934CC4AD059C954FB3BA382351315,E0FCE5F549B5CB5A09244FB9FE55EC3C,1,-20,A0 C1,00 00 A0 C1,shifted-overlaps,0,0,1,0,1,"Targets a single enemy, doing a large amount of damage and impact."
TID_Ceiling_Electric_Single_SR_T05,ceiling,Electric_Single,SR,Legendary,T05,"Ceiling Zapper",A6E98C8E4A9E7A2326F17EAB6B35D806,474D3DA64D5CD38505EA428A4B79337D,1,-20,A0 C1,00 00 A0 C1,shifted-overlaps,0,0,1,0,1,"Targets a single enemy, doing a large amount of damage and impact."
TID_Ceiling_Electric_Single_C_T01,ceiling,Electric_Single,C,Common,T01,"Ceiling Zapper",3950A26A4A37B5F8470B34B5F1C2FAF5,8FDA66EC45640FE5D5283B850625066B,1,-20,A0 C1,00 00 A0 C1,shifted-overlaps,0,0,1,0,1,"Targets a single enemy, doing a large amount of damage and impact."
TID_Ceiling_Electric_Single_C_T02,ceiling,Electric_Single,C,Common,T02,"Ceiling Zapper",F7413F2B40C90D813970B1A9078A9322,AF07BA1C486C29BF427C8DB85780AA5A,1,-20,A0 C1,00 00 A0 C1,shifted-overlaps,0,0,1,0,1,"Targets a single enemy, doing a large amount of damage and impact."
TID_Ceiling_Falling_R_T01,ceiling,Falling,R,Rare,T01,"Ceiling Drop Trap",BF33A79143AB7D34C8CBF1BED47B42C3,81B825554CAD7A4C679B78A262D14E0D,1,-20,A0 C1,00 00 A0 C1,shifted-overlaps,0,0,1,0,1,"Drops a payload of tires from up to 3 tiles high."
TID_Ceiling_Falling_R_T02,ceiling,Falling,R,Rare,T02,"Ceiling Drop Trap",CB0E315341685CA2D73D9D95829A2E24,8141506A41F37E049C709A9D4C15C130,1,-20,A0 C1,00 00 A0 C1,shifted-overlaps,0,0,1,0,1,"Drops a payload of tires from up to 3 tiles high."
TID_Ceiling_Falling_R_T03,ceiling,Falling,R,Rare,T03,"Ceiling Drop Trap",0136A6FD45F028D98B7A129D86A377A8,6BDA78D543A140258DB9E392BE020448,1,-20,A0 C1,00 00 A0 C1,shifted-overlaps,0,0,1,0,1,"Drops a payload of tires from up to 3 tiles high."
TID_Ceiling_Falling_R_T04,ceiling,Falling,R,Rare,T04,"Ceiling Drop Trap",DB9E3DCD43507D575CBD988C296E43E4,ED8D33C143FB303FF10689A139878961,1,-20,A0 C1,00 00 A0 C1,shifted-overlaps,0,0,1,0,1,"Drops a payload of tires from up to 3 tiles high."
TID_Ceiling_Falling_VR_T01,ceiling,Falling,VR,Epic,T01,"Ceiling Drop Trap",C88A9F594C2956EDDFD3AFA55F54F5D0,D3855F3D4008091910CE608DEAF658F8,1,-20,A0 C1,00 00 A0 C1,shifted-overlaps,0,0,1,0,1,"Drops a payload of tires from up to 3 tiles high."
TID_Ceiling_Falling_VR_T02,ceiling,Falling,VR,Epic,T02,"Ceiling Drop Trap",351DB69841D39D61C43974AB01399162,FF5BEA4C46FE96EA70FF7C8C635D4FD7,1,-20,A0 C1,00 00 A0 C1,shifted-overlaps,0,0,1,0,1,"Drops a payload of tires from up to 3 tiles high."
TID_Ceiling_Falling_VR_T03,ceiling,Falling,VR,Epic,T03,"Ceiling Drop Trap",218FA203452AFE07904DEBA3DC52D500,AECB1ADB4D371D7B56D3F289119040D2,1,-20,A0 C1,00 00 A0 C1,shifted-overlaps,0,0,1,0,1,"Drops a payload of tires from up to 3 tiles high."
TID_Ceiling_Falling_VR_T04,ceiling,Falling,VR,Epic,T04,"Ceiling Drop Trap",228DD51C42DCF33E4AA56D969517BF7B,24D09CA647639A93380F9EBE9000218B,1,-20,A0 C1,00 00 A0 C1,shifted-overlaps,0,0,1,0,1,"Drops a payload of tires from up to 3 tiles high."
TID_Ceiling_Falling_VR_T05,ceiling,Falling,VR,Epic,T05,"Ceiling Drop Trap",3C8C97984C21E5637ABDE4844FEE45C8,656AE7CC4FD168852C61F4B7867A4CB8,1,-20,A0 C1,00 00 A0 C1,shifted-overlaps,0,0,1,0,1,"Drops a payload of tires from up to 3 tiles high."
TID_Ceiling_Falling_SR_T01,ceiling,Falling,SR,Legendary,T01,"Ceiling Drop Trap",38AB19B14A261CF2C9FF47B94560531A,CC646D3D4B466C589FE2A2AC85C948A7,1,-20,A0 C1,00 00 A0 C1,shifted-overlaps,0,0,1,0,1,"Drops a payload of tires from up to 3 tiles high."
TID_Ceiling_Falling_SR_T02,ceiling,Falling,SR,Legendary,T02,"Ceiling Drop Trap",4997A2AC45BC3DDF65FF17BAC2D53D63,952A06B040C5DE8E00BBAB84142D61B9,1,-20,A0 C1,00 00 A0 C1,shifted-overlaps,0,0,1,0,1,"Drops a payload of tires from up to 3 tiles high."
TID_Ceiling_Falling_SR_T03,ceiling,Falling,SR,Legendary,T03,"Ceiling Drop Trap",47745FF048C64B5F44576E90C74EE72A,F2B90015439BF11BDE0133ACA7E19815,1,-20,A0 C1,00 00 A0 C1,shifted-overlaps,0,0,1,0,1,"Drops a payload of tires from up to 3 tiles high."
TID_Ceiling_Falling_SR_T04,ceiling,Falling,SR,Legendary,T04,"Ceiling Drop Trap",D19808C541794E1294A2C898A9CF4346,EF9909884697F4E29F458F868AB3F41B,1,-20,A0 C1,00 00 A0 C1,shifted-overlaps,0,0,1,0,1,"Drops a payload of tires from up to 3 tiles high."
TID_Ceiling_Falling_SR_T05,ceiling,Falling,SR,Legendary,T05,"Ceiling Drop Trap",8D9DD880427FEBC2FA69708A6C91EE06,5627F5CD479BC0D19F7CA28884A07BD0,1,-20,A0 C1,00 00 A0 C1,shifted-overlaps,0,0,1,0,1,"Drops a payload of tires from up to 3 tiles high."
TID_Ceiling_Gas_UC_T01,ceiling,Gas,UC,Uncommon,T01,"Ceiling Gas Trap",30C81F1142A4CC14B82E34BE0B878969,F66272554B140D26FCDE2CB9607B16E1,1,-20,A0 C1,00 00 A0 C1,shifted-overlaps,0,0,1,0,1,"Creates an AOE cloud that damages enemies."
TID_Ceiling_Gas_UC_T02,ceiling,Gas,UC,Uncommon,T02,"Ceiling Gas Trap",C1C5590546806A6088BECB87ECC4B1BC,57CECCC64C8B5F9B661B31906C1EE751,1,-20,A0 C1,00 00 A0 C1,shifted-overlaps,0,0,1,0,1,"Creates an AOE cloud that damages enemies."
TID_Ceiling_Gas_UC_T03,ceiling,Gas,UC,Uncommon,T03,"Ceiling Gas Trap",A6625A4F4A8E25E612D474ADF8F55B85,357BBFB04A69E0790D779889C3ECDB61,1,-20,A0 C1,00 00 A0 C1,shifted-overlaps,0,0,1,0,1,"Creates an AOE cloud that damages enemies."
TID_Ceiling_Gas_R_T01,ceiling,Gas,R,Rare,T01,"Ceiling Gas Trap",C70130AC46A075313A7B6695D46A1681,C51B63FB45B51FB9501D21BDCAE639DB,1,-20,A0 C1,00 00 A0 C1,shifted-overlaps,0,0,1,0,1,"Creates an AOE cloud that damages enemies."
TID_Ceiling_Gas_R_T02,ceiling,Gas,R,Rare,T02,"Ceiling Gas Trap",96A78AA244EDF38791EABBA5541C8478,3BB0CDC24EABA991C907AC970EB1BB61,1,-20,A0 C1,00 00 A0 C1,shifted-overlaps,0,0,1,0,1,"Creates an AOE cloud that damages enemies."
TID_Ceiling_Gas_R_T03,ceiling,Gas,R,Rare,T03,"Ceiling Gas Trap",926F7C2548CB60AD23F987AF1806FAF5,0983363A44E950EE691BF49A08FBE6B9,1,-20,A0 C1,00 00 A0 C1,shifted-overlaps,0,0,1,0,1,"Creates an AOE cloud that damages enemies."
TID_Ceiling_Gas_R_T04,ceiling,Gas,R,Rare,T04,"Ceiling Gas Trap",58E8EB224790B74AC2A703B4E534FEDB,E449E4254BFFC86B699AA391BECA3F93,1,-20,A0 C1,00 00 A0 C1,shifted-overlaps,0,0,1,0,1,"Creates an AOE cloud that damages enemies."
TID_Ceiling_Gas_VR_T01,ceiling,Gas,VR,Epic,T01,"Ceiling Gas Trap",988667E54B345FFF7A30DF9D8EBD352F,D0189EAE40294ADBBC1401861E5DFA53,1,-20,A0 C1,00 00 A0 C1,shifted-overlaps,0,0,1,0,1,"Creates an AOE cloud that damages enemies."
TID_Ceiling_Gas_VR_T02,ceiling,Gas,VR,Epic,T02,"Ceiling Gas Trap",1074EC6C455DB06E4435DB8A0D530B63,B89543814572426D8778EA8C2B091CF8,1,-20,A0 C1,00 00 A0 C1,shifted-overlaps,0,0,1,0,1,"Creates an AOE cloud that damages enemies."
TID_Ceiling_Gas_VR_T03,ceiling,Gas,VR,Epic,T03,"Ceiling Gas Trap",B2D91696440385E31B2DA48F863D422D,999EECC744F5F1BA273CCE969A241EDA,1,-20,A0 C1,00 00 A0 C1,shifted-overlaps,0,0,1,0,1,"Creates an AOE cloud that damages enemies."
TID_Ceiling_Gas_VR_T04,ceiling,Gas,VR,Epic,T04,"Ceiling Gas Trap",A9CDF7AF4C8D0B859CB0638EAC2AC082,A39CD11D4D9639B9C93248BFE9027DC2,1,-20,A0 C1,00 00 A0 C1,shifted-overlaps,0,0,1,0,1,"Creates an AOE cloud that damages enemies."
TID_Ceiling_Gas_VR_T05,ceiling,Gas,VR,Epic,T05,"Ceiling Gas Trap",CE00BE5449999F36A3385D983B4787DF,5C577AC34A429B45F99266A4863C3D9A,1,-20,A0 C1,00 00 A0 C1,shifted-overlaps,0,0,1,0,1,"Creates an AOE cloud that damages enemies."
TID_Ceiling_Gas_SR_T01,ceiling,Gas,SR,Legendary,T01,"Ceiling Gas Trap",A67AA2774502DB699C56F6BBAEC04B45,0D8CA6354B469485643198ADCAD542EB,1,-20,A0 C1,00 00 A0 C1,shifted-overlaps,0,0,1,0,1,"Creates an AOE cloud that damages enemies."
TID_Ceiling_Gas_SR_T02,ceiling,Gas,SR,Legendary,T02,"Ceiling Gas Trap",42BD2BD244DA012B8B8E2DA71661D5B5,0D6692F049FA5FA64629C18ECE8DA27C,1,-20,A0 C1,00 00 A0 C1,shifted-overlaps,0,0,1,0,1,"Creates an AOE cloud that damages enemies."
TID_Ceiling_Gas_SR_T03,ceiling,Gas,SR,Legendary,T03,"Ceiling Gas Trap",0A6C93EA4B21A7C0588291872C49E0A0,1FFC688B46C60ABAF88295B9A7B8B02C,1,-20,A0 C1,00 00 A0 C1,shifted-overlaps,0,0,1,0,1,"Creates an AOE cloud that damages enemies."
TID_Ceiling_Gas_SR_T04,ceiling,Gas,SR,Legendary,T04,"Ceiling Gas Trap",A44BEE4D4D99CEAA7106359F60B2FF7F,FDD6424E498B90D2ED785F892D05BFFE,1,-20,A0 C1,00 00 A0 C1,shifted-overlaps,0,0,1,0,1,"Creates an AOE cloud that damages enemies."
TID_Ceiling_Gas_SR_T05,ceiling,Gas,SR,Legendary,T05,"Ceiling Gas Trap",1BEBE2F245F557CB1CD4EE954215994F,4077EC1C4506728A76E98BAD6236B17D,1,-20,A0 C1,00 00 A0 C1,shifted-overlaps,0,0,1,0,1,"Creates an AOE cloud that damages enemies."
TID_Ceiling_Goop_VR_T01,ceiling,Goop,VR,Epic,T01,"Vindertech Goop",6386082445645DDDD66AAA867141D6DD,67154F184504224FECE97E91B2533757,0,0,00 00,00 00 00 00,no-gpo-overlaps,0,0,1,0,1,"Hits all enemiesunder traps, slowing and makinf enemies more vulnerable to elemental damage"
TID_Ceiling_Spikes_R_T01,ceiling,Spikes,R,Rare,T01,"Retractable Ceiling Spikes",E0AD1B4C4B8449A97819659D95BE8DF2,63A63C584BBDF286E6DC6B8B6719BA7E,0,0,00 00,00 00 00 00,no-gpo-overlaps,0,0,1,0,1,"Hits all enemies on trap when triggered doing a medium amount of damage and impact."
TID_Floor_Campfire_R_T01,floor,Campfire,R,Rare,T01,"Cozy Campfire",87AC25A041A5353A80F471817FBE27C7,4B977C2B481C73BCCF5513BEE66AE3D6,0,0,00 00,00 00 00 00,no-gpo,0,0,0,0,0,"Heals allies in a 3x3 tile grid around the Campfire."
TID_Floor_Campfire_R_T02,floor,Campfire,R,Rare,T02,"Cozy Campfire",E03BF7BF4D30957E41276B943411697F,6720068047058572F2A0339FCB4D310B,0,0,00 00,00 00 00 00,no-gpo,0,0,0,0,0,"Heals allies in a 3x3 tile grid around the Campfire."
TID_Floor_Campfire_R_T03,floor,Campfire,R,Rare,T03,"Cozy Campfire",B29E34CA442FC7669D2127AE34FE1868,5E4FCE054C55F79293769FBFE5666D3F,0,0,00 00,00 00 00 00,no-gpo,0,0,0,0,0,"Heals allies in a 3x3 tile grid around the Campfire."
TID_Floor_Campfire_R_T04,floor,Campfire,R,Rare,T04,"Cozy Campfire",C0E6E2D04BFF8D000BAA848D73F261BD,22FA5D3C4C862862169B2FBB0C657743,0,0,00 00,00 00 00 00,no-gpo,0,0,0,0,0,"Heals allies in a 3x3 tile grid around the Campfire."
TID_Floor_Campfire_VR_T01,floor,Campfire,VR,Epic,T01,"Cozy Campfire",1D28834C44BD69EEE5EC469B637A0F12,64DF12724DE7554DA50D9AA3270C33E2,0,0,00 00,00 00 00 00,no-gpo,0,0,0,0,0,"Heals allies in a 3x3 tile grid around the Campfire."
TID_Floor_Campfire_VR_T02,floor,Campfire,VR,Epic,T02,"Cozy Campfire",5FD2F61C4B3FEE2D67C715842BAC6E1B,E6C26A0B4C9A456C393FD6A735AB73B7,0,0,00 00,00 00 00 00,no-gpo,0,0,0,0,0,"Heals allies in a 3x3 tile grid around the Campfire."
TID_Floor_Campfire_VR_T03,floor,Campfire,VR,Epic,T03,"Cozy Campfire",5F47D9244A3D8288E07B479802DB3415,2135279C4D11238BA212F6B3F6A3632A,0,0,00 00,00 00 00 00,no-gpo,0,0,0,0,0,"Heals allies in a 3x3 tile grid around the Campfire."
TID_Floor_Campfire_VR_T04,floor,Campfire,VR,Epic,T04,"Cozy Campfire",DD1A187440F7DA2D1DBB62B13B8F0BDA,49906D3C4350BF1B9CDE9595C2370ABD,0,0,00 00,00 00 00 00,no-gpo,0,0,0,0,0,"Heals allies in a 3x3 tile grid around the Campfire."
TID_Floor_Campfire_VR_T05,floor,Campfire,VR,Epic,T05,"Cozy Campfire",1B46BC96485A5D5416069EAF9D3D01C5,54A0A5724D0B9B688F6438A974DC3D85,0,0,00 00,00 00 00 00,no-gpo,0,0,0,0,0,"Heals allies in a 3x3 tile grid around the Campfire."
TID_Floor_Campfire_SR_T01,floor,Campfire,SR,Legendary,T01,"Cozy Campfire",037978F54F82C428514B409899ED3FCE,FEDDBDE34E00B716C996F7A2607A2B57,0,0,00 00,00 00 00 00,no-gpo,0,0,0,0,0,"Heals allies in a 3x3 tile grid around the Campfire."
TID_Floor_Campfire_SR_T02,floor,Campfire,SR,Legendary,T02,"Cozy Campfire",1295FA084835D5B1711EF6841B4C7BA5,E5565A774EEF01A04554AD9275670A7A,0,0,00 00,00 00 00 00,no-gpo,0,0,0,0,0,"Heals allies in a 3x3 tile grid around the Campfire."
TID_Floor_Campfire_SR_T03,floor,Campfire,SR,Legendary,T03,"Cozy Campfire",71F1B95341BC899C47329D8A880ABA93,E0DF391147A00B9401DB3AA222082C26,0,0,00 00,00 00 00 00,no-gpo,0,0,0,0,0,"Heals allies in a 3x3 tile grid around the Campfire."
TID_Floor_Campfire_SR_T04,floor,Campfire,SR,Legendary,T04,"Cozy Campfire",454E182D46DF9CADC2D592A77FE036DB,97715B9B470298F152CF25A54DE7E290,0,0,00 00,00 00 00 00,no-gpo,0,0,0,0,0,"Heals allies in a 3x3 tile grid around the Campfire."
TID_Floor_Campfire_SR_T05,floor,Campfire,SR,Legendary,T05,"Cozy Campfire",1B690F2B4A845220BE58B9998371D8D0,CF6AAABF49D8D5E37554AAB1CBD1B8E0,0,0,00 00,00 00 00 00,no-gpo,0,0,0,0,0,"Heals allies in a 3x3 tile grid around the Campfire."
TID_Floor_Defender,floor,Defender,R,Rare,-,"Defender Post",A322BA854FF2027AA83F5B9253EC473A,8CE0E7C24524B0FC718DEAA12C662F06,1,-10,20 C1,00 00 20 C1,standard,0,0,0,0,0,"Interact to select and deploy a Defender."
TID_Floor_FlameGrill_R_T01,floor,FlameGrill,R,Rare,T01,"Flame Grill Floor Trap",D61E3298474B748879057B80FA095DD6,F8ABC53047151FD9349B5B987B97F473,1,-10,20 C1,00 00 20 C1,standard,0,0,0,0,0,"Hits enemies with fire damage followed by fire damage affliction. Duration and damage is increased against Nature enemies, but reduced against Water enemies. 1 second delay before firing."
TID_Floor_FlameGrill_R_T02,floor,FlameGrill,R,Rare,T02,"Flame Grill Floor Trap",058A615842D51743AC89CE82D9AAE1A2,60880568462F35B5503A218E7DF61FA9,1,-10,20 C1,00 00 20 C1,standard,0,0,0,0,0,"Hits enemies with fire damage followed by fire damage affliction. Duration and damage is increased against Nature enemies, but reduced against Water enemies. 1 second delay before firing."
TID_Floor_FlameGrill_R_T03,floor,FlameGrill,R,Rare,T03,"Flame Grill Floor Trap",8B903E564325D1B88F5A3185DAED264F,C5E206AA403F43F881A53986D50FC412,1,-10,20 C1,00 00 20 C1,standard,0,0,0,0,0,"Hits enemies with fire damage followed by fire damage affliction. Duration and damage is increased against Nature enemies, but reduced against Water enemies. 1 second delay before firing."
TID_Floor_FlameGrill_R_T04,floor,FlameGrill,R,Rare,T04,"Flame Grill Floor Trap",A490E10F461E5C6480BB57831254A21D,7BE3BF0F4DF1E2B0031C69AF5C0742EE,1,-10,20 C1,00 00 20 C1,standard,0,0,0,0,0,"Hits enemies with fire damage followed by fire damage affliction. Duration and damage is increased against Nature enemies, but reduced against Water enemies. 1 second delay before firing."
TID_Floor_FlameGrill_VR_T01,floor,FlameGrill,VR,Epic,T01,"Flame Grill Floor Trap",BACA3C5C4A4EF3C6BA146691B5574489,1E5450B444A267DCDD5B979BC3726BE3,1,-10,20 C1,00 00 20 C1,standard,0,0,0,0,0,"Hits enemies with fire damage followed by fire damage affliction. Duration and damage is increased against Nature enemies, but reduced against Water enemies. 1 second delay before firing."
TID_Floor_FlameGrill_VR_T02,floor,FlameGrill,VR,Epic,T02,"Flame Grill Floor Trap",F7CBF4A24DD3F25990D0DC9300526D04,E615EFE84A059A404A1709A0D9F73804,1,-10,20 C1,00 00 20 C1,standard,0,0,0,0,0,"Hits enemies with fire damage followed by fire damage affliction. Duration and damage is increased against Nature enemies, but reduced against Water enemies. 1 second delay before firing."
TID_Floor_FlameGrill_VR_T03,floor,FlameGrill,VR,Epic,T03,"Flame Grill Floor Trap",B83EAF644777C8CFD112189D86A39086,E8C93F4143542B3DA028D19771D1C602,1,-10,20 C1,00 00 20 C1,standard,0,0,0,0,0,"Hits enemies with fire damage followed by fire damage affliction. Duration and damage is increased against Nature enemies, but reduced against Water enemies. 1 second delay before firing."
TID_Floor_FlameGrill_VR_T04,floor,FlameGrill,VR,Epic,T04,"Flame Grill Floor Trap",5E92CC964684744F07AF7CA4D809A8A2,10BA6F574B3A4102379B5E822F335E13,1,-10,20 C1,00 00 20 C1,standard,0,0,0,0,0,"Hits enemies with fire damage followed by fire damage affliction. Duration and damage is increased against Nature enemies, but reduced against Water enemies. 1 second delay before firing."
TID_Floor_FlameGrill_VR_T05,floor,FlameGrill,VR,Epic,T05,"Flame Grill Floor Trap",E1F0AB01440482D67FEC0C862B87541D,34ED4E1B45DB2DA48D9C70ABCB879B10,1,-10,20 C1,00 00 20 C1,standard,0,0,0,0,0,"Hits enemies with fire damage followed by fire damage affliction. Duration and damage is increased against Nature enemies, but reduced against Water enemies. 1 second delay before firing."
TID_Floor_FlameGrill_SR_T01,floor,FlameGrill,SR,Legendary,T01,"Flame Grill Floor Trap",43DCC80C444A1F24853DDE95EB766D5D,6A6501564F599D232EFC1AB2F66BAE06,1,-10,20 C1,00 00 20 C1,standard,0,0,0,0,0,"Hits enemies with fire damage followed by fire damage affliction. Duration and damage is increased against Nature enemies, but reduced against Water enemies. 1 second delay before firing."
TID_Floor_FlameGrill_SR_T02,floor,FlameGrill,SR,Legendary,T02,"Flame Grill Floor Trap",7746BA324A2E3F90F857D9BF6631D29C,5E8401344830C9E1D8E8A1B536459576,1,-10,20 C1,00 00 20 C1,standard,0,0,0,0,0,"Hits enemies with fire damage followed by fire damage affliction. Duration and damage is increased against Nature enemies, but reduced against Water enemies. 1 second delay before firing."
TID_Floor_FlameGrill_SR_T03,floor,FlameGrill,SR,Legendary,T03,"Flame Grill Floor Trap",39AEABE247372F820C6C309C2E7A841B,E500BC7D42E3F5E2A871EDA7E90A64AF,1,-10,20 C1,00 00 20 C1,standard,0,0,0,0,0,"Hits enemies with fire damage followed by fire damage affliction. Duration and damage is increased against Nature enemies, but reduced against Water enemies. 1 second delay before firing."
TID_Floor_FlameGrill_SR_T04,floor,FlameGrill,SR,Legendary,T04,"Flame Grill Floor Trap",5F8DE7B24481F3053A4678B3AA523A3E,9B4AC61C4B2B41145D16DCB09F27C980,1,-10,20 C1,00 00 20 C1,standard,0,0,0,0,0,"Hits enemies with fire damage followed by fire damage affliction. Duration and damage is increased against Nature enemies, but reduced against Water enemies. 1 second delay before firing."
TID_Floor_FlameGrill_SR_T05,floor,FlameGrill,SR,Legendary,T05,"Flame Grill Floor Trap",CA2D14B046A9CF0DD51945B6B873AA3D,894FECE142CD62FCCFFF9B8B07E91582,1,-10,20 C1,00 00 20 C1,standard,0,0,0,0,0,"Hits enemies with fire damage followed by fire damage affliction. Duration and damage is increased against Nature enemies, but reduced against Water enemies. 1 second delay before firing."
TID_Floor_Freeze_R_T01,floor,Freeze,R,Rare,T01,"Floor Freeze Trap",FD4EF4584AEADE91CC8DCAA4A6B034D8,5B33D5A643ED1938E9B1E2A36A7416DC,1,-10,20 C1,00 00 20 C1,standard,0,0,0,0,0,"Freezes enemies in place for a short time, and makes them more vulnerable to damage."
TID_Floor_Freeze_R_T02,floor,Freeze,R,Rare,T02,"Floor Freeze Trap",82D9035C4DFF2A084AFB6FB6DA9280FA,BC14C57048E89A165C4889B6CD65311C,1,-10,20 C1,00 00 20 C1,standard,0,0,0,0,0,"Freezes enemies in place for a short time, and makes them more vulnerable to damage."
TID_Floor_Freeze_R_T03,floor,Freeze,R,Rare,T03,"Floor Freeze Trap",6F7F17914B39AC90F9E5FA8FC1F28D9E,9475E9F147920972D1484185F0073F16,1,-10,20 C1,00 00 20 C1,standard,0,0,0,0,0,"Freezes enemies in place for a short time, and makes them more vulnerable to damage."
TID_Floor_Freeze_R_T04,floor,Freeze,R,Rare,T04,"Floor Freeze Trap",1311544543D879A506FB29A728B6CF16,5CB450B24D2A035E2B714684D3D7986D,1,-10,20 C1,00 00 20 C1,standard,0,0,0,0,0,"Freezes enemies in place for a short time, and makes them more vulnerable to damage."
TID_Floor_Freeze_VR_T01,floor,Freeze,VR,Epic,T01,"Floor Freeze Trap",B060CB7D4B9A48BB1BCB868F6C8F78FB,84F9A0ED4E1D20F65120F0B7C0A68D1D,1,-10,20 C1,00 00 20 C1,standard,0,0,0,0,0,"Freezes enemies in place for a short time, and makes them more vulnerable to damage."
TID_Floor_Freeze_VR_T02,floor,Freeze,VR,Epic,T02,"Floor Freeze Trap",24F276144E0863A5700190A2F5DB47FF,701879FD4909ABEB7A6B9A9F97C16CC0,1,-10,20 C1,00 00 20 C1,standard,0,0,0,0,0,"Freezes enemies in place for a short time, and makes them more vulnerable to damage."
TID_Floor_Freeze_VR_T03,floor,Freeze,VR,Epic,T03,"Floor Freeze Trap",6202B2A44356FC6EAE6B0D8C386D5BCD,F71361EB41664043952D5AAA490F1AF9,1,-10,20 C1,00 00 20 C1,standard,0,0,0,0,0,"Freezes enemies in place for a short time, and makes them more vulnerable to damage."
TID_Floor_Freeze_VR_T04,floor,Freeze,VR,Epic,T04,"Floor Freeze Trap",D9492BE34AABD0228FB46689E1CF9377,5D5FFBCD45387AF31F7E0CA92C118B43,1,-10,20 C1,00 00 20 C1,standard,0,0,0,0,0,"Freezes enemies in place for a short time, and makes them more vulnerable to damage."
TID_Floor_Freeze_VR_T05,floor,Freeze,VR,Epic,T05,"Floor Freeze Trap",2AE9C3C94F0436EE37317E9D27803FC3,A2F6DD74492D1C8EE9C5938A1C1E3697,1,-10,20 C1,00 00 20 C1,standard,0,0,0,0,0,"Freezes enemies in place for a short time, and makes them more vulnerable to damage."
TID_Floor_Freeze_SR_T01,floor,Freeze,SR,Legendary,T01,"Floor Freeze Trap",DA528E5C40FB3ACAA36304BCE1F382CC,0BA72BAE47C8C5565D28C6B422AE992E,1,-10,20 C1,00 00 20 C1,standard,0,0,0,0,0,"Freezes enemies in place for a short time, and makes them more vulnerable to damage."
TID_Floor_Freeze_SR_T02,floor,Freeze,SR,Legendary,T02,"Floor Freeze Trap",34DE7E3446847FF369FB3C868DF23912,1C295D3B45C6EFA99C0E4694AF19D82A,1,-10,20 C1,00 00 20 C1,standard,0,0,0,0,0,"Freezes enemies in place for a short time, and makes them more vulnerable to damage."
TID_Floor_Freeze_SR_T03,floor,Freeze,SR,Legendary,T03,"Floor Freeze Trap",8B0E1DD34F948062597D04912F38528F,6C5311DE44330A1476A5F5B6571FDBA1,1,-10,20 C1,00 00 20 C1,standard,0,0,0,0,0,"Freezes enemies in place for a short time, and makes them more vulnerable to damage."
TID_Floor_Freeze_SR_T04,floor,Freeze,SR,Legendary,T04,"Floor Freeze Trap",A827163C4175DE1DE0458F924440C26F,73DBED724D753F6B25A44DB0068C79A6,1,-10,20 C1,00 00 20 C1,standard,0,0,0,0,0,"Freezes enemies in place for a short time, and makes them more vulnerable to damage."
TID_Floor_Freeze_SR_T05,floor,Freeze,SR,Legendary,T05,"Floor Freeze Trap",7EFA04D44D909CA6598FCCAB13E94966,70D58B77434B3FEDFAB746885B08E784,1,-10,20 C1,00 00 20 C1,standard,0,0,0,0,0,"Freezes enemies in place for a short time, and makes them more vulnerable to damage."
TID_Floor_Health_UC_T01,floor,Health,UC,Uncommon,T01,"Healing Pad",C81208104F48B54C875F0F8905E1647C,07AA4DD54E27D52225155D86A5968816,0,0,00 00,00 00 00 00,no-gpo,0,0,0,0,0,"Heals you or friendly players when stepped on."
TID_Floor_Health_UC_T02,floor,Health,UC,Uncommon,T02,"Healing Pad",8A5DD3FB41CEACB189FC8CBCB776B26C,5EF777CA4967E8CCC16920BD7911085A,0,0,00 00,00 00 00 00,no-gpo,0,0,0,0,0,"Heals you or friendly players when stepped on."
TID_Floor_Health_UC_T03,floor,Health,UC,Uncommon,T03,"Healing Pad",3E0C2CA242EB4B8D507361AFFD47581A,D2C08B144032D282F7A384B142626C71,0,0,00 00,00 00 00 00,no-gpo,0,0,0,0,0,"Heals you or friendly players when stepped on."
TID_Floor_Health_R_T01,floor,Health,R,Rare,T01,"Healing Pad",E91B81CB4DF8DFB35F215EBBC0744045,223B1DF84337068BC9173FAEC3CE663D,0,0,00 00,00 00 00 00,no-gpo,0,0,0,0,0,"Heals you or friendly players when stepped on."
TID_Floor_Health_R_T02,floor,Health,R,Rare,T02,"Healing Pad",C043A49241DB279F676AACBE4C5EABF8,CCE2BC104BA218A59EF670B4D44DCE4D,0,0,00 00,00 00 00 00,no-gpo,0,0,0,0,0,"Heals you or friendly players when stepped on."
TID_Floor_Health_R_T03,floor,Health,R,Rare,T03,"Healing Pad",CE8F83094B332980B0A9B897BA96863E,3C20226D4884FD8106D6DEB4429C5B89,0,0,00 00,00 00 00 00,no-gpo,0,0,0,0,0,"Heals you or friendly players when stepped on."
TID_Floor_Health_R_T04,floor,Health,R,Rare,T04,"Healing Pad",EE7978A742713F7AFDFD9A89B0648F24,2E93BD7444BFCCF6534BDB885EA3117D,0,0,00 00,00 00 00 00,no-gpo,0,0,0,0,0,"Heals you or friendly players when stepped on."
TID_Floor_Health_VR_T01,floor,Health,VR,Epic,T01,"Healing Pad",EFE94FEA46AB4BBEFDDDC6BC97A707FD,781C8D244CCAF8F25CEC7BB35F3BCB44,0,0,00 00,00 00 00 00,no-gpo,0,0,0,0,0,"Heals you or friendly players when stepped on."
TID_Floor_Health_VR_T02,floor,Health,VR,Epic,T02,"Healing Pad",DCE0E6FC4E6EBA47C7579782855BCAB9,F0065A6B431BB6911D2792A9E46ED700,0,0,00 00,00 00 00 00,no-gpo,0,0,0,0,0,"Heals you or friendly players when stepped on."
TID_Floor_Health_VR_T03,floor,Health,VR,Epic,T03,"Healing Pad",0880EF2F4D8D36582E965CBDAA7BA115,B54CA9BA4B7540A024FC92A99310D322,0,0,00 00,00 00 00 00,no-gpo,0,0,0,0,0,"Heals you or friendly players when stepped on."
TID_Floor_Health_VR_T04,floor,Health,VR,Epic,T04,"Healing Pad",B11D2C024D25E0A49F6B2B8C5394065B,CF27DF044C9FC887FABD439AE8CEB03F,0,0,00 00,00 00 00 00,no-gpo,0,0,0,0,0,"Heals you or friendly players when stepped on."
TID_Floor_Health_VR_T05,floor,Health,VR,Epic,T05,"Healing Pad",A1544BE54F337012FC7C38B892B78408,B2316A344A3BD0B2CF8B7BBC31129A95,0,0,00 00,00 00 00 00,no-gpo,0,0,0,0,0,"Heals you or friendly players when stepped on."
TID_Floor_Health_SR_T01,floor,Health,SR,Legendary,T01,"Healing Pad",E54BF7984AF6C5D8ACE0AC82BDC9FAB3,AB4CCBD4463D4B5814DA8F9E056623F3,0,0,00 00,00 00 00 00,no-gpo,0,0,0,0,0,"Heals you or friendly players when stepped on."
TID_Floor_Health_SR_T02,floor,Health,SR,Legendary,T02,"Healing Pad",E24BB1A24D3E08697960E9B01519A7A5,019D53D6448D994EDCED179173307003,0,0,00 00,00 00 00 00,no-gpo,0,0,0,0,0,"Heals you or friendly players when stepped on."
TID_Floor_Health_SR_T03,floor,Health,SR,Legendary,T03,"Healing Pad",78D503A2490856CDD8A1B08FC14E5EFA,85A09BD743D70EE0553EE88196D88EB8,0,0,00 00,00 00 00 00,no-gpo,0,0,0,0,0,"Heals you or friendly players when stepped on."
TID_Floor_Health_SR_T04,floor,Health,SR,Legendary,T04,"Healing Pad",017C65264A0231712328D4A2025C31D0,733A2BFB447C5E6653F14FAA3448FE26,0,0,00 00,00 00 00 00,no-gpo,0,0,0,0,0,"Heals you or friendly players when stepped on."
TID_Floor_Health_SR_T05,floor,Health,SR,Legendary,T05,"Healing Pad",9448B96A42766CF5349EBB8B0F3CBD8C,E9C6C64B4B79D5E594E2148F33D07873,0,0,00 00,00 00 00 00,no-gpo,0,0,0,0,0,"Heals you or friendly players when stepped on."
TID_Floor_Health_C_T00,floor,Health,C,Common,T00,"Healing Pad",DBCABB7B4A7FFCE381C208A0C1D5D7A6,07AA4DD54E27D52225155D86A5968816,0,0,00 00,00 00 00 00,no-gpo,0,0,0,0,0,"Heals you or friendly players when stepped on."
TID_Floor_Hoverboard_Speed_R_T01,floor,Hoverboard_Speed,R,Rare,T01,"Boost Pad (Straight)",9E46960A4B78B6BD5ABE2BB7ED65263C,ECE1396B4EB9982D4B195A9244290EBC,0,0,00 00,00 00 00 00,no-gpo,0,0,0,0,0,"Boosts the speed of the Hoverboard for a short period of time in the direction of the arrow."
TID_Floor_Hoverboard_Speed_Curve_R_T01,floor,Hoverboard_Speed_Curve,R,Rare,T01,"Boost Pad (Curve)",D8B0BAE4477E6548243232831DC15CE2,C0D231BE43BD0C9BCE9999B3BAA7EC46,0,0,00 00,00 00 00 00,no-gpo,0,0,0,0,0,"Boosts the speed of the Hoverboard for a short period of time in the direction of the arrow."
TID_Floor_Launcher_UC_T01,floor,Launcher,UC,Uncommon,T01,"Floor Launcher",EDEBC4334A65F3125C82B28AAFF80922,E8E0022B4D2D20A6D21723A226B6DB08,1,-15,70 C1,00 00 70 C1,standard,0,0,0,0,0,"Launches most enemies into the air."
TID_Floor_Launcher_UC_T02,floor,Launcher,UC,Uncommon,T02,"Floor Launcher",DEF28A0A41F24E78B396A898E025C0EA,F0C04E31459088E583E03AA542E20806,1,-15,70 C1,00 00 70 C1,standard,0,0,0,0,0,"Launches most enemies into the air."
TID_Floor_Launcher_UC_T03,floor,Launcher,UC,Uncommon,T03,"Floor Launcher",3B2017574812991729925697E15DD300,50ACF5554EE3005664E2EEA12FA5120E,1,-15,70 C1,00 00 70 C1,standard,0,0,0,0,0,"Launches most enemies into the air."
TID_Floor_Launcher_R_T01,floor,Launcher,R,Rare,T01,"Floor Launcher",C06293534B9155EDCD2359822B06BEC2,BBF6C54F4569F3325637F5892597CD25,1,-15,70 C1,00 00 70 C1,standard,0,0,0,0,0,"Launches most enemies into the air."
TID_Floor_Launcher_R_T02,floor,Launcher,R,Rare,T02,"Floor Launcher",58BE970E46E9130D7C5B9AB4B9EA18F1,7E2606B84A11E372F9381CB45C39BC38,1,-15,70 C1,00 00 70 C1,standard,0,0,0,0,0,"Launches most enemies into the air."
TID_Floor_Launcher_R_T03,floor,Launcher,R,Rare,T03,"Floor Launcher",F558E6634638DF578D3565BD62B3D24E,65D9587C47332D73830DE59B4F66DE70,1,-15,70 C1,00 00 70 C1,standard,0,0,0,0,0,"Launches most enemies into the air."
TID_Floor_Launcher_R_T04,floor,Launcher,R,Rare,T04,"Floor Launcher",E80F2C714AE8FF25F509DCB9068D3153,D58800C04F6CDD51B757728251F2F46B,1,-15,70 C1,00 00 70 C1,standard,0,0,0,0,0,"Launches most enemies into the air."
TID_Floor_Launcher_VR_T01,floor,Launcher,VR,Epic,T01,"Floor Launcher",4D5C18F546BC9C761846A5BF83399A6C,537A34804450E5B73238ED9299225B1B,1,-15,70 C1,00 00 70 C1,standard,0,0,0,0,0,"Launches most enemies into the air."
TID_Floor_Launcher_VR_T02,floor,Launcher,VR,Epic,T02,"Floor Launcher",071CD55C48B9EAD3C03C42B8AB90C856,2A2B7CE24D0E592A7201B9892373A12A,1,-15,70 C1,00 00 70 C1,standard,0,0,0,0,0,"Launches most enemies into the air."
TID_Floor_Launcher_VR_T03,floor,Launcher,VR,Epic,T03,"Floor Launcher",33110F3A45E9618DEA6627B207D36710,E6EB755E47434EDBAF686BB9CC837FD1,1,-15,70 C1,00 00 70 C1,standard,0,0,0,0,0,"Launches most enemies into the air."
TID_Floor_Launcher_VR_T04,floor,Launcher,VR,Epic,T04,"Floor Launcher",4D0A20064D9C15B743C9099E968A0123,69E1B1F743B2576A6403F0A7937819EC,1,-15,70 C1,00 00 70 C1,standard,0,0,0,0,0,"Launches most enemies into the air."
TID_Floor_Launcher_VR_T05,floor,Launcher,VR,Epic,T05,"Floor Launcher",9B9C78C046750067DF17FA8B0FA3775B,AECD84C14D65F8065824C1A9CEAAB1A0,1,-15,70 C1,00 00 70 C1,standard,0,0,0,0,0,"Launches most enemies into the air."
TID_Floor_Launcher_SR_T01,floor,Launcher,SR,Legendary,T01,"Floor Launcher",CF00187A47DA16BDAA8CD5BE0DFAB2B4,E14407C94C77F21ECA5CAE8C5416551A,1,-15,70 C1,00 00 70 C1,standard,0,0,0,0,0,"Launches most enemies into the air."
TID_Floor_Launcher_SR_T02,floor,Launcher,SR,Legendary,T02,"Floor Launcher",70FF5463414FFE2070C8F88FA2554EFE,5623B66347D0BF1B20BF288D799D5CB4,1,-15,70 C1,00 00 70 C1,standard,0,0,0,0,0,"Launches most enemies into the air."
TID_Floor_Launcher_SR_T03,floor,Launcher,SR,Legendary,T03,"Floor Launcher",813115724C5D56D9E83EA6BED5C3CE06,76473A5B4B76FA7CBF6B51A1FEFF712A,1,-15,70 C1,00 00 70 C1,standard,0,0,0,0,0,"Launches most enemies into the air."
TID_Floor_Launcher_SR_T04,floor,Launcher,SR,Legendary,T04,"Floor Launcher",98CA67CC4D1C5195FE67599E5530DD47,892B270E4600420B0B45E195E5E27A5A,1,-15,70 C1,00 00 70 C1,standard,0,0,0,0,0,"Launches most enemies into the air."
TID_Floor_Launcher_SR_T05,floor,Launcher,SR,Legendary,T05,"Floor Launcher",1FAD7FB44EF644E082A9DD8E517C963E,686E2CA44685A4EDED4482B7ECE25020,1,-15,70 C1,00 00 70 C1,standard,0,0,0,0,0,"Launches most enemies into the air."
TID_Floor_LaunchPad_R_T01,floor,LaunchPad,R,Rare,T01,"Floor Launcher",B0E937294AB838F3B33C7999E43B57E6,52FF623F4BF18C13E2AC72B98A3BB688,0,0,00 00,00 00 00 00,no-gpo,0,0,0,0,0,"Launches you up and deploys a glider."
TID_Floor_Player_Jump_Pad,floor,Player_Jump_Pad,R,Rare,-,"Player Jump Pad (Up)",AD0F83784E6509209BE58D92C214F639,B36B4C124DAD23E03A2E7E883E7A5294,1,-10,20 C1,00 00 20 C1,standard,0,0,0,0,0,"Launches players into the air."
TID_Floor_Player_Jump_Pad_Free_Direction,floor,Player_Jump_Pad_Free_Direction,R,Rare,-,"Player Jump Pad (Directional)",714216C649A652182D9EC99CDFFBD49E,22BCA4E84D62C052D7D690B2972B8FF3,1,-10,20 C1,00 00 20 C1,shifted-knockback,1,0,0,0,1,"Launches players long distances in the direction they are facing when activated."
TID_Floor_Spikes_UC_T01,floor,Spikes,UC,Uncommon,T01,"Retractable Floor Spikes",F192F0AE461E7734F85E3E8D5EBE5042,F664D40E4244B5405645FFAC76E07FF3,1,-10,20 C1,00 00 20 C1,standard,0,0,0,0,0,"Hits all enemies on trap when triggered doing a medium amount of damage and impact."
TID_Floor_Spikes_UC_T02,floor,Spikes,UC,Uncommon,T02,"Retractable Floor Spikes",3FBD4BA64D72B53D6621BB9DC0C5E476,642BB87E4E85D33B9AA5AABEBC62EA00,1,-10,20 C1,00 00 20 C1,standard,0,0,0,0,0,"Hits all enemies on trap when triggered doing a medium amount of damage and impact."
TID_Floor_Spikes_UC_T03,floor,Spikes,UC,Uncommon,T03,"Retractable Floor Spikes",BE0ED6B04ADB915FB7830F89D6453D24,5074E6E8431359479BC0F882569A5A75,1,-10,20 C1,00 00 20 C1,standard,0,0,0,0,0,"Hits all enemies on trap when triggered doing a medium amount of damage and impact."
TID_Floor_Spikes_R_T01,floor,Spikes,R,Rare,T01,"Retractable Floor Spikes",40058784489CF0FDAFF2F1AC1589DCCD,63A63C584BBDF286E6DC6B8B6719BA7E,1,-10,20 C1,00 00 20 C1,shifted-uefn,0,1,0,0,1,"Hits all enemies on trap when triggered doing a medium amount of damage and impact."
TID_Floor_Spikes_R_T02,floor,Spikes,R,Rare,T02,"Retractable Floor Spikes",B4605A0447C27D7A05B3E89248DFBDD3,80C57F7640F0A2B71A73E79BABC498A6,1,-10,20 C1,00 00 20 C1,standard,0,0,0,0,0,"Hits all enemies on trap when triggered doing a medium amount of damage and impact."
TID_Floor_Spikes_R_T03,floor,Spikes,R,Rare,T03,"Retractable Floor Spikes",6AC5467E41A4441E26EEA7A807216245,BFC035D94B865C8F581DA4967DEB0B00,1,-10,20 C1,00 00 20 C1,standard,0,0,0,0,0,"Hits all enemies on trap when triggered doing a medium amount of damage and impact."
TID_Floor_Spikes_R_T04,floor,Spikes,R,Rare,T04,"Retractable Floor Spikes",F8040E3C40830707D5F1A5B83CAF2B16,E4E75BE5405D1EC425E2EFAB760C5EA9,1,-10,20 C1,00 00 20 C1,standard,0,0,0,0,0,"Hits all enemies on trap when triggered doing a medium amount of damage and impact."
TID_Floor_Spikes_VR_T01,floor,Spikes,VR,Epic,T01,"Retractable Floor Spikes",B512F9A24637C9BF6306B3990400A8C8,D3CB253A4C9435769DF698ABD5877C98,1,-10,20 C1,00 00 20 C1,standard,0,0,0,0,0,"Hits all enemies on trap when triggered doing a medium amount of damage and impact."
TID_Floor_Spikes_VR_T02,floor,Spikes,VR,Epic,T02,"Retractable Floor Spikes",6049515D44E89587849A5286F11D2DC4,5B48071D40C478ED5744FDB22A953E5B,1,-10,20 C1,00 00 20 C1,standard,0,0,0,0,0,"Hits all enemies on trap when triggered doing a medium amount of damage and impact."
TID_Floor_Spikes_VR_T03,floor,Spikes,VR,Epic,T03,"Retractable Floor Spikes",231135984A381F931F3C2683546A42A4,C5B556D24E103ECDB309DEBAA5E6E5B9,1,-10,20 C1,00 00 20 C1,standard,0,0,0,0,0,"Hits all enemies on trap when triggered doing a medium amount of damage and impact."
TID_Floor_Spikes_VR_T04,floor,Spikes,VR,Epic,T04,"Retractable Floor Spikes",B137EEED40B10D72AE55E39460E27F54,0C21814F4BB7F10119FCCEAF9B9A8C9E,1,-10,20 C1,00 00 20 C1,standard,0,0,0,0,0,"Hits all enemies on trap when triggered doing a medium amount of damage and impact."
TID_Floor_Spikes_VR_T05,floor,Spikes,VR,Epic,T05,"Retractable Floor Spikes",3DF84C504A501D90A3B11FB79A8614E5,7C9E084440879185681C4FA44FE0EDBF,1,-10,20 C1,00 00 20 C1,standard,0,0,0,0,0,"Hits all enemies on trap when triggered doing a medium amount of damage and impact."
TID_Floor_Spikes_SR_T01,floor,Spikes,SR,Legendary,T01,"Retractable Floor Spikes",0E399D7D4E3759AF4BF5CCAC85B27374,4FFE4BE445D2AC55EBC23DA689955FA4,1,-10,20 C1,00 00 20 C1,standard,0,0,0,0,0,"Hits all enemies on trap when triggered doing a medium amount of damage and impact."
TID_Floor_Spikes_SR_T02,floor,Spikes,SR,Legendary,T02,"Retractable Floor Spikes",F9257ECF4CCEE4FC0AC9E69A060270A5,E28828444474699FF1B5E7AAADE86F98,1,-10,20 C1,00 00 20 C1,standard,0,0,0,0,0,"Hits all enemies on trap when triggered doing a medium amount of damage and impact."
TID_Floor_Spikes_SR_T03,floor,Spikes,SR,Legendary,T03,"Retractable Floor Spikes",6ABD62444B27EEAF4DC3F5AF0933B8E8,99BB18424EE50DEE06E444928C9B5B43,1,-10,20 C1,00 00 20 C1,standard,0,0,0,0,0,"Hits all enemies on trap when triggered doing a medium amount of damage and impact."
TID_Floor_Spikes_SR_T04,floor,Spikes,SR,Legendary,T04,"Retractable Floor Spikes",AB7F79AC4C8B1ED1738965BF2B185599,94442694466CE14BFF1E57AE998A6095,1,-10,20 C1,00 00 20 C1,standard,0,0,0,0,0,"Hits all enemies on trap when triggered doing a medium amount of damage and impact."
TID_Floor_Spikes_SR_T05,floor,Spikes,SR,Legendary,T05,"Retractable Floor Spikes",A625302E44849DFD802AABB623D64D75,FA0DDD134225C05DB4A538942245EF7B,1,-10,20 C1,00 00 20 C1,standard,0,0,0,0,0,"Hits all enemies on trap when triggered doing a medium amount of damage and impact."
TID_Floor_Spikes_Wood_UC_T01,floor,Spikes_Wood,UC,Uncommon,T01,"Wooden Floor Spikes",6193115B478C72C2342CB982AEFD644F,23940F7D4C4717B51001C3BB7B46AD96,1,-5,A0 C0,00 00 A0 C0,standard,0,0,0,0,0,"Damages all enemies who are standing on the trap. Damaged enemies are slowed for 6 seconds."
TID_Floor_Spikes_Wood_UC_T02,floor,Spikes_Wood,UC,Uncommon,T02,"Wooden Floor Spikes",3D9F5A3E41BCC79D96DED493C4A4DAE5,C710A0D24BCD071B4241B1BFEE3544E5,1,-5,A0 C0,00 00 A0 C0,standard,0,0,0,0,0,"Damages all enemies who are standing on the trap. Damaged enemies are slowed for 6 seconds."
TID_Floor_Spikes_Wood_UC_T03,floor,Spikes_Wood,UC,Uncommon,T03,"Wooden Floor Spikes",E4CFF74F45D0595DBA9DB2842D3F0795,689242D047802464D42332996BA8C334,1,-5,A0 C0,00 00 A0 C0,standard,0,0,0,0,0,"Damages all enemies who are standing on the trap. Damaged enemies are slowed for 6 seconds."
TID_Floor_Spikes_Wood_R_T01,floor,Spikes_Wood,R,Rare,T01,"Wooden Floor Spikes",077D113D4EB83C71CC4103AE5568A41A,1B286D3D4FB39079878772B8EDA94CFB,1,-5,A0 C0,00 00 A0 C0,standard,0,0,0,0,0,"Damages all enemies who are standing on the trap. Damaged enemies are slowed for 6 seconds."
TID_Floor_Spikes_Wood_R_T02,floor,Spikes_Wood,R,Rare,T02,"Wooden Floor Spikes",63DA60AB4107AA49FD678E8EDD379143,7B22CE0F4091B0B936DB8B85191597CC,1,-5,A0 C0,00 00 A0 C0,standard,0,0,0,0,0,"Damages all enemies who are standing on the trap. Damaged enemies are slowed for 6 seconds."
TID_Floor_Spikes_Wood_R_T03,floor,Spikes_Wood,R,Rare,T03,"Wooden Floor Spikes",C77B1FAD4EC5F085F218D1A499537E48,28DA3C8048279D1AFF6AD88D41F4887A,1,-5,A0 C0,00 00 A0 C0,standard,0,0,0,0,0,"Damages all enemies who are standing on the trap. Damaged enemies are slowed for 6 seconds."
TID_Floor_Spikes_Wood_R_T04,floor,Spikes_Wood,R,Rare,T04,"Wooden Floor Spikes",6BE388B3487B8E97DADB629D0F01EEDF,6A8323344FE8104E33EA0B8A974B0073,1,-5,A0 C0,00 00 A0 C0,standard,0,0,0,0,0,"Damages all enemies who are standing on the trap. Damaged enemies are slowed for 6 seconds."
TID_Floor_Spikes_Wood_VR_T01,floor,Spikes_Wood,VR,Epic,T01,"Wooden Floor Spikes",DECA6BA2482878E524E15187F21878A9,B678CA2A4BD987B05EE866AB943ADA6F,1,-5,A0 C0,00 00 A0 C0,standard,0,0,0,0,0,"Damages all enemies who are standing on the trap. Damaged enemies are slowed for 6 seconds."
TID_Floor_Spikes_Wood_VR_T02,floor,Spikes_Wood,VR,Epic,T02,"Wooden Floor Spikes",80AB002A49BEA03C897A8D9ADE6BAEA9,C395533D430E16D0E5AA12843844C8F1,1,-5,A0 C0,00 00 A0 C0,standard,0,0,0,0,0,"Damages all enemies who are standing on the trap. Damaged enemies are slowed for 6 seconds."
TID_Floor_Spikes_Wood_VR_T03,floor,Spikes_Wood,VR,Epic,T03,"Wooden Floor Spikes",D832BE584EFB90AFC329D5A4E25563FE,AC42A2E9428ECB1E42FB749ADB4E3923,1,-5,A0 C0,00 00 A0 C0,standard,0,0,0,0,0,"Damages all enemies who are standing on the trap. Damaged enemies are slowed for 6 seconds."
TID_Floor_Spikes_Wood_VR_T04,floor,Spikes_Wood,VR,Epic,T04,"Wooden Floor Spikes",C54FDEEA4B8D63BE18D15C9FDE09D1FE,14B4CA1B474D9076F6CE2C9B907D25AD,1,-5,A0 C0,00 00 A0 C0,standard,0,0,0,0,0,"Damages all enemies who are standing on the trap. Damaged enemies are slowed for 6 seconds."
TID_Floor_Spikes_Wood_VR_T05,floor,Spikes_Wood,VR,Epic,T05,"Wooden Floor Spikes",B4D676DE4D651A83063CC2B7190717EB,C0988BC7424AC6C84657BCBB20674C06,1,-5,A0 C0,00 00 A0 C0,standard,0,0,0,0,0,"Damages all enemies who are standing on the trap. Damaged enemies are slowed for 6 seconds."
TID_Floor_Spikes_Wood_SR_T01,floor,Spikes_Wood,SR,Legendary,T01,"Wooden Floor Spikes",6FD20D8C4FC13845025C9791B5A4F1F4,D923FBFE412FBF38AFAC509F28815B58,1,-5,A0 C0,00 00 A0 C0,standard,0,0,0,0,0,"Damages all enemies who are standing on the trap. Damaged enemies are slowed for 6 seconds."
TID_Floor_Spikes_Wood_SR_T02,floor,Spikes_Wood,SR,Legendary,T02,"Wooden Floor Spikes",E0ACD719439D7522E17B3E8354FA02E5,8BB2A7AE44FB810D8CC2D19C4C45C6FB,1,-5,A0 C0,00 00 A0 C0,standard,0,0,0,0,0,"Damages all enemies who are standing on the trap. Damaged enemies are slowed for 6 seconds."
TID_Floor_Spikes_Wood_SR_T03,floor,Spikes_Wood,SR,Legendary,T03,"Wooden Floor Spikes",9CF19967460749F08783D78F04FEA08F,DDD043934E49FDD6A2398480D8B226AC,1,-5,A0 C0,00 00 A0 C0,standard,0,0,0,0,0,"Damages all enemies who are standing on the trap. Damaged enemies are slowed for 6 seconds."
TID_Floor_Spikes_Wood_SR_T04,floor,Spikes_Wood,SR,Legendary,T04,"Wooden Floor Spikes",C08C9E7E4E3A8A680DF63BA724E73C4B,EE644F1549101F7114B2B6ADF324A4C5,1,-5,A0 C0,00 00 A0 C0,standard,0,0,0,0,0,"Damages all enemies who are standing on the trap. Damaged enemies are slowed for 6 seconds."
TID_Floor_Spikes_Wood_SR_T05,floor,Spikes_Wood,SR,Legendary,T05,"Wooden Floor Spikes",DDA8A24840FA719E6278389B7FCE3281,D4B452D847A01227B9A0E695FF6F27EC,1,-5,A0 C0,00 00 A0 C0,standard,0,0,0,0,0,"Damages all enemies who are standing on the trap. Damaged enemies are slowed for 6 seconds."
TID_Floor_Spikes_Wood_C_T01,floor,Spikes_Wood,C,Common,T01,"Wooden Floor Spikes",9DF7C6B248862CCDD1CF75933F2B960E,84A282CD4B08387F8E92919723B45BF5,1,-5,A0 C0,00 00 A0 C0,standard,0,0,0,0,0,"Damages all enemies who are standing on the trap. Damaged enemies are slowed for 6 seconds."
TID_Floor_Spikes_Wood_C_T02,floor,Spikes_Wood,C,Common,T02,"Wooden Floor Spikes",C8A3A92A4AF0FC3AF64A889DB63BCAD3,059BA2954DD8210164B00D8E14A035EA,1,-5,A0 C0,00 00 A0 C0,standard,0,0,0,0,0,"Damages all enemies who are standing on the trap. Damaged enemies are slowed for 6 seconds."
TID_Floor_Tar_R_T01,floor,Tar,R,Rare,T01,"Tar Pit",CBC4D01843D3588424F9B8B6344DFC92,F73C2B9944D2FB5793E6EAB012D866CB,0,0,00 00,00 00 00 00,no-gpo,0,0,0,0,0,"Enemies that step into this trap get stuck for a short duration. Reactive to lead, so if an enemy gets stuck just give it a shot!"
TID_Floor_Tar_R_T02,floor,Tar,R,Rare,T02,"Tar Pit",4F49EF0D432875FD105DABB15667FC7E,E1E5E525415D84F1A54D08A6E332F4FD,1,-10,20 C1,00 00 20 C1,standard,0,0,0,0,0,"Enemies that step into this trap get stuck for a short duration. Reactive to lead, so if an enemy gets stuck just give it a shot!"
TID_Floor_Tar_R_T03,floor,Tar,R,Rare,T03,"Tar Pit",DE8B4E7E4EA897D7699A38B58EA32129,94DE7E5E42AB3969E8886CB7D8EA35DB,1,-10,20 C1,00 00 20 C1,standard,0,0,0,0,0,"Enemies that step into this trap get stuck for a short duration. Reactive to lead, so if an enemy gets stuck just give it a shot!"
TID_Floor_Tar_R_T04,floor,Tar,R,Rare,T04,"Tar Pit",0ABACA06476CDC65F6105F85065C57F9,ED5BC4334269B0563BDF3F92B0EA9543,1,-10,20 C1,00 00 20 C1,standard,0,0,0,0,0,"Enemies that step into this trap get stuck for a short duration. Reactive to lead, so if an enemy gets stuck just give it a shot!"
TID_Floor_Tar_VR_T01,floor,Tar,VR,Epic,T01,"Tar Pit",6F000BAC4E9A4882AD7E03A0AA503036,3676400246BA6CBC9C9195BBCAAF1294,1,-10,20 C1,00 00 20 C1,standard,0,0,0,0,0,"Enemies that step into this trap get stuck for a short duration. Reactive to lead, so if an enemy gets stuck just give it a shot!"
TID_Floor_Tar_VR_T02,floor,Tar,VR,Epic,T02,"Tar Pit",F0AF223344EFBE5A6F2B3E885F785B7F,26D069E940AC3BE892FF818CF4053F76,1,-10,20 C1,00 00 20 C1,standard,0,0,0,0,0,"Enemies that step into this trap get stuck for a short duration. Reactive to lead, so if an enemy gets stuck just give it a shot!"
TID_Floor_Tar_VR_T03,floor,Tar,VR,Epic,T03,"Tar Pit",C4BF64D0478CE66ECA01F88ABC36E2AF,FDC6BBF7464C9B2B73864B9B07A2CB8F,1,-10,20 C1,00 00 20 C1,standard,0,0,0,0,0,"Enemies that step into this trap get stuck for a short duration. Reactive to lead, so if an enemy gets stuck just give it a shot!"
TID_Floor_Tar_VR_T04,floor,Tar,VR,Epic,T04,"Tar Pit",1432258B416C04D3593465826AE9D62F,8AE84DB7456156D8FCC70989A848F732,1,-10,20 C1,00 00 20 C1,standard,0,0,0,0,0,"Enemies that step into this trap get stuck for a short duration. Reactive to lead, so if an enemy gets stuck just give it a shot!"
TID_Floor_Tar_VR_T05,floor,Tar,VR,Epic,T05,"Tar Pit",195408AE456A0C18F10768AD47EC702E,4C5A822E45B57151B71C92B73A50D7BF,1,-10,20 C1,00 00 20 C1,standard,0,0,0,0,0,"Enemies that step into this trap get stuck for a short duration. Reactive to lead, so if an enemy gets stuck just give it a shot!"
TID_Floor_Tar_SR_T01,floor,Tar,SR,Legendary,T01,"Tar Pit",8CC5FC164C01BF5A2D8657A19C464BDD,DFA3292340C1D53FED4731AB6410FA56,1,-10,20 C1,00 00 20 C1,standard,0,0,0,0,0,"Enemies that step into this trap get stuck for a short duration. Reactive to lead, so if an enemy gets stuck just give it a shot!"
TID_Floor_Tar_SR_T02,floor,Tar,SR,Legendary,T02,"Tar Pit",38AD9D914E01E7042AD78C8DF833CE64,32CE3B234B65F1398E60A3882EC5E61C,1,-10,20 C1,00 00 20 C1,standard,0,0,0,0,0,"Enemies that step into this trap get stuck for a short duration. Reactive to lead, so if an enemy gets stuck just give it a shot!"
TID_Floor_Tar_SR_T03,floor,Tar,SR,Legendary,T03,"Tar Pit",1EDB727448FD8AFA233D77B1A6068BA4,3EED271044528F20AAB924997C08988D,1,-10,20 C1,00 00 20 C1,standard,0,0,0,0,0,"Enemies that step into this trap get stuck for a short duration. Reactive to lead, so if an enemy gets stuck just give it a shot!"
TID_Floor_Tar_SR_T04,floor,Tar,SR,Legendary,T04,"Tar Pit",AC99F0DE446677CB89E6BBA5C2555792,4D6A945D41EB40E3075E58A3858341F8,1,-10,20 C1,00 00 20 C1,standard,0,0,0,0,0,"Enemies that step into this trap get stuck for a short duration. Reactive to lead, so if an enemy gets stuck just give it a shot!"
TID_Floor_Tar_SR_T05,floor,Tar,SR,Legendary,T05,"Tar Pit",27A4F5214DCEA15F5FB4728372CB072C,17EF070E4AA71DA3BF1E2D8ADD324807,1,-420,D2 C3,00 00 D2 C3,standard,0,0,0,0,0,"Enemies that step into this trap get stuck for a short duration. Reactive to lead, so if an enemy gets stuck just give it a shot!"
TID_Floor_Ward_UC_T01,floor,Ward,UC,Uncommon,T01,"Anti-Air Trap",714D28A34CF939F59429AAB45DDF4796,D79BE41145E97F732CE9AAA68C1490E0,1,-15,70 C1,00 00 70 C1,standard,0,0,0,0,0,"Destroys incoming enemy projectiles."
TID_Floor_Ward_UC_T02,floor,Ward,UC,Uncommon,T02,"Anti-Air Trap",6F28F3994D85E6FF162CF8B761AD4D12,3A24EB8E4CD349314ACF18A3C369E9C1,1,-15,70 C1,00 00 70 C1,standard,0,0,0,0,0,"Destroys incoming enemy projectiles."
TID_Floor_Ward_UC_T03,floor,Ward,UC,Uncommon,T03,"Anti-Air Trap",CF28F8A940A1DC14E3E146B8FEF8575A,6304B7544C2F1DF1B528EA8914009BDD,1,-15,70 C1,00 00 70 C1,standard,0,0,0,0,0,"Destroys incoming enemy projectiles."
TID_Floor_Ward_R_T01,floor,Ward,R,Rare,T01,"Anti-Air Trap",943C809E4B761A38CB95869437AF240F,E8F4C08745A49A4C4CD48A96725D2F7B,1,-15,70 C1,00 00 70 C1,standard,0,0,0,0,0,"Destroys incoming enemy projectiles."
TID_Floor_Ward_R_T02,floor,Ward,R,Rare,T02,"Anti-Air Trap",3C2056084ACAAFB5FB8C61B526254AFA,3C1A49074EB85FEDCB02DCB04DCD52A7,1,-15,70 C1,00 00 70 C1,standard,0,0,0,0,0,"Destroys incoming enemy projectiles."
TID_Floor_Ward_R_T03,floor,Ward,R,Rare,T03,"Anti-Air Trap",ED51C52F43B46D809BB51AAFF89EE897,53660D3944A1027E73FB4C892C3F6FA9,1,-15,70 C1,00 00 70 C1,standard,0,0,0,0,0,"Destroys incoming enemy projectiles."
TID_Floor_Ward_R_T04,floor,Ward,R,Rare,T04,"Anti-Air Trap",DDD81FAA4AD81768A5A49E9F1D973818,246476F94DB9A1ADB8EEEA8E0AAE9D55,1,-15,70 C1,00 00 70 C1,standard,0,0,0,0,0,"Destroys incoming enemy projectiles."
TID_Floor_Ward_VR_T01,floor,Ward,VR,Epic,T01,"Anti-Air Trap",0FFEB6324E6C6C52D342888648A2FB42,40E06273477702BBE94598A6DBC21820,1,-15,70 C1,00 00 70 C1,standard,0,0,0,0,0,"Destroys incoming enemy projectiles."
TID_Floor_Ward_VR_T02,floor,Ward,VR,Epic,T02,"Anti-Air Trap",5520F2CC49BE15E0D63B22B3165B6769,FE5CF9004BF715347678A5B8E6CA008D,1,-15,70 C1,00 00 70 C1,standard,0,0,0,0,0,"Destroys incoming enemy projectiles."
TID_Floor_Ward_VR_T03,floor,Ward,VR,Epic,T03,"Anti-Air Trap",43575BAC47A9D4B91EF48B8D0129DF8F,6C2295134631DA3A88AE18BB805CFE8D,1,-15,70 C1,00 00 70 C1,standard,0,0,0,0,0,"Destroys incoming enemy projectiles."
TID_Floor_Ward_VR_T04,floor,Ward,VR,Epic,T04,"Anti-Air Trap",177022B245906582931F74B805A950D6,3179CB494D787E1B58683C99AA22A86E,1,-15,70 C1,00 00 70 C1,standard,0,0,0,0,0,"Destroys incoming enemy projectiles."
TID_Floor_Ward_VR_T05,floor,Ward,VR,Epic,T05,"Anti-Air Trap",7422D50B4A763D75EE9EFF9448ACBBFA,8C24FAF64A3E32B5ADC07EA8C496DD90,1,-15,70 C1,00 00 70 C1,standard,0,0,0,0,0,"Destroys incoming enemy projectiles."
TID_Floor_Ward_SR_T01,floor,Ward,SR,Legendary,T01,"Anti-Air Trap",2D849A034C00EBE5E9B413904DB66E32,7891ABEE40D4170D4847F69898F42AD7,1,-15,70 C1,00 00 70 C1,standard,0,0,0,0,0,"Destroys incoming enemy projectiles."
TID_Floor_Ward_SR_T02,floor,Ward,SR,Legendary,T02,"Anti-Air Trap",961F36C34F86BB92AD908B8ACE983669,76E2D1E3495F75F988F68893BD035254,1,-15,70 C1,00 00 70 C1,standard,0,0,0,0,0,"Destroys incoming enemy projectiles."
TID_Floor_Ward_SR_T03,floor,Ward,SR,Legendary,T03,"Anti-Air Trap",7140D26F4680A70AD98D25907535C77D,E4EBC5124F15530A37CDC499A29C1159,1,-15,70 C1,00 00 70 C1,standard,0,0,0,0,0,"Destroys incoming enemy projectiles."
TID_Floor_Ward_SR_T04,floor,Ward,SR,Legendary,T04,"Anti-Air Trap",E7123B684880472C1DCDBC988487C163,54879E9149E029502CC5B6B4F5F0D5A6,1,-15,70 C1,00 00 70 C1,standard,0,0,0,0,0,"Destroys incoming enemy projectiles."
TID_Floor_Ward_SR_T05,floor,Ward,SR,Legendary,T05,"Anti-Air Trap",676E36904D09E69F0382F39331716CF2,9B4461C847F01118F0BA84B16CF0A270,1,-15,70 C1,00 00 70 C1,standard,0,0,0,0,0,"Destroys incoming enemy projectiles."
TID_Wall_Cannons_R_T01,wall,Cannons,R,Rare,T01,"Broadside",3C080D34438AB7ADECBE52A9D3FE8108,920DCC8948D68E468B01FE88A9D4E809,1,-30,F0 C1,00 00 F0 C1,standard,0,0,0,0,0,"Fires a sequence of five bouncing cannonballs that pierce through enemies."
TID_Wall_Cannons_R_T02,wall,Cannons,R,Rare,T02,"Broadside",920DE4E544CED98B683B9AAF596F7943,6BA5780146FB94C37A30089E66B37445,1,-30,F0 C1,00 00 F0 C1,shifted-overlaps,0,0,1,1,2,"Fires a sequence of five bouncing cannonballs that pierce through enemies."
TID_Wall_Cannons_R_T03,wall,Cannons,R,Rare,T03,"Broadside",097C1A4D4AF2E773D2E6F9A07618CD10,775FC46946CDC5FAFA502F88A9634120,1,-30,F0 C1,00 00 F0 C1,shifted-overlaps,0,0,1,1,2,"Fires a sequence of five bouncing cannonballs that pierce through enemies."
TID_Wall_Cannons_R_T04,wall,Cannons,R,Rare,T04,"Broadside",FB2EF5624FEA8872626D84AE221EE2B2,9D9442E6441ABB5714DFAC8B4CB8D7C2,1,-30,F0 C1,00 00 F0 C1,shifted-overlaps,0,0,1,1,2,"Fires a sequence of five bouncing cannonballs that pierce through enemies."
TID_Wall_Cannons_VR_T01,wall,Cannons,VR,Epic,T01,"Broadside",3C080D34438AB7ADECBE52A9D3FE8108,291B698A43EDA01CD07C52BA55C185BC,1,-30,F0 C1,00 00 F0 C1,shifted-overlaps,0,0,1,1,2,"Fires a sequence of five bouncing cannonballs that pierce through enemies."
TID_Wall_Cannons_VR_T02,wall,Cannons,VR,Epic,T02,"Broadside",920DE4E544CED98B683B9AAF596F7943,A583C922455498FA8CA8FF83F2D2192C,1,-30,F0 C1,00 00 F0 C1,shifted-overlaps,0,0,1,1,2,"Fires a sequence of five bouncing cannonballs that pierce through enemies."
TID_Wall_Cannons_VR_T03,wall,Cannons,VR,Epic,T03,"Broadside",097C1A4D4AF2E773D2E6F9A07618CD10,8270E3774DC058E47B7043BCEC288E11,1,-30,F0 C1,00 00 F0 C1,shifted-overlaps,0,0,1,1,2,"Fires a sequence of five bouncing cannonballs that pierce through enemies."
TID_Wall_Cannons_VR_T04,wall,Cannons,VR,Epic,T04,"Broadside",FB2EF5624FEA8872626D84AE221EE2B2,6D1EF9704F1FE556EF0D6293C7737362,1,-30,F0 C1,00 00 F0 C1,shifted-overlaps,0,0,1,1,2,"Fires a sequence of five bouncing cannonballs that pierce through enemies."
TID_Wall_Cannons_VR_T05,wall,Cannons,VR,Epic,T05,"Broadside",0B992CC34176EC112E64648100074F5C,55B259E5469521617E0297BE81436DFF,1,-30,F0 C1,00 00 F0 C1,shifted-overlaps,0,0,1,1,2,"Fires a sequence of five bouncing cannonballs that pierce through enemies."
TID_Wall_Cannons_SR_T01,wall,Cannons,SR,Legendary,T01,"Broadside",E00BD7E947875C1770B553BCC02F6DFF,F1C2D8124C2150142DD930846E661187,1,-30,F0 C1,00 00 F0 C1,shifted-overlaps,0,0,1,1,2,"Fires a sequence of five bouncing cannonballs that pierce through enemies."
TID_Wall_Cannons_SR_T02,wall,Cannons,SR,Legendary,T02,"Broadside",E3BAA9114F50C54377F963B1AD60F30E,B363E2CA461E066AF5E5FA972DC9D111,1,-30,F0 C1,00 00 F0 C1,shifted-overlaps,0,0,1,1,2,"Fires a sequence of five bouncing cannonballs that pierce through enemies."
TID_Wall_Cannons_SR_T03,wall,Cannons,SR,Legendary,T03,"Broadside",7139A96945832CC4292E0495C7A47582,02522C924173204CB86F7385964897FB,1,-30,F0 C1,00 00 F0 C1,shifted-overlaps,0,0,1,1,2,"Fires a sequence of five bouncing cannonballs that pierce through enemies."
TID_Wall_Cannons_SR_T04,wall,Cannons,SR,Legendary,T04,"Broadside",419FD1CE4C4B3FBFB19BE69906407FC9,7D2124CE4AF01DA55E37948327C8C5F0,1,-30,F0 C1,00 00 F0 C1,shifted-overlaps,0,0,1,1,2,"Fires a sequence of five bouncing cannonballs that pierce through enemies."
TID_Wall_Cannons_SR_T05,wall,Cannons,SR,Legendary,T05,"Broadside",E3A0436B4726B371FE5EC499F3B1A3F6,BC804DF0438A350C6DDD93AB2EE82B55,1,-30,F0 C1,00 00 F0 C1,shifted-overlaps,0,0,1,1,2,"Fires a sequence of five bouncing cannonballs that pierce through enemies."
TID_Wall_Darts_UC_T01,wall,Darts,UC,Uncommon,T01,"Wall Darts",980E0C3F41ED03D1B8E77A931BF0ABF2,4C9B1956425FE5BE625BAF9CC83FE7AB,1,-20,A0 C1,00 00 A0 C1,shifted-knockback,1,0,0,0,1,"Shoots six darts at enemies with a large range."
TID_Wall_Darts_UC_T02,wall,Darts,UC,Uncommon,T02,"Wall Darts",B1A5CC6744D9888D9B48F2893C1C1E7D,ADAE9DC341E18BECF6869D9DA9783E0B,1,-20,A0 C1,00 00 A0 C1,shifted-knockback,1,0,0,0,1,"Shoots six darts at enemies with a large range."
TID_Wall_Darts_UC_T03,wall,Darts,UC,Uncommon,T03,"Wall Darts",23B420EC442A184B8174149ED663B84C,033E125D4059A85990C7D5BB1EEFD968,1,-20,A0 C1,00 00 A0 C1,shifted-knockback,1,0,0,0,1,"Shoots six darts at enemies with a large range."
TID_Wall_Darts_R_T01,wall,Darts,R,Rare,T01,"Wall Darts",E8880FDC4403ABA8319B21A009F607FB,9EB8636C439993D111CA91AB9ACB62E5,1,-20,A0 C1,00 00 A0 C1,shifted-knockback,1,0,0,0,1,"Shoots six darts at enemies with a large range."
TID_Wall_Darts_R_T02,wall,Darts,R,Rare,T02,"Wall Darts",816A48A8409ED3E68705BE88CD0F9312,A8322B7F46BF5BA6A637218DF2B86C74,1,-20,A0 C1,00 00 A0 C1,shifted-knockback,1,0,0,0,1,"Shoots six darts at enemies with a large range."
TID_Wall_Darts_R_T03,wall,Darts,R,Rare,T03,"Wall Darts",28AAB2D744750AE6D9BB1CBE1E264C7C,55802A764845836E7C47A09F6E9477A5,1,-20,A0 C1,00 00 A0 C1,shifted-knockback,1,0,0,0,1,"Shoots six darts at enemies with a large range."
TID_Wall_Darts_R_T04,wall,Darts,R,Rare,T04,"Wall Darts",182CB9C646BCA15C067FE8807DF024FD,FE98E42541C272195ED47FA602FAC2FC,1,-20,A0 C1,00 00 A0 C1,shifted-knockback,1,0,0,0,1,"Shoots six darts at enemies with a large range."
TID_Wall_Darts_VR_T01,wall,Darts,VR,Epic,T01,"Wall Darts",C38C59334E74783E057DAD83752CDD42,E60A0FCC49D9C6B88BCC06A4847A34CC,1,-20,A0 C1,00 00 A0 C1,shifted-knockback,1,0,0,0,1,"Shoots six darts at enemies with a large range."
TID_Wall_Darts_VR_T02,wall,Darts,VR,Epic,T02,"Wall Darts",98CCABBB4D824D41C172A68CADBF9C50,F5AEBC5B4AC4F24AFA9DD38296EB8220,1,-20,A0 C1,00 00 A0 C1,shifted-knockback,1,0,0,0,1,"Shoots six darts at enemies with a large range."
TID_Wall_Darts_VR_T03,wall,Darts,VR,Epic,T03,"Wall Darts",E1D55422448C115FEEB50691E538D383,6915DD624CB538DEB5095B92AEE92444,1,-20,A0 C1,00 00 A0 C1,shifted-knockback,1,0,0,0,1,"Shoots six darts at enemies with a large range."
TID_Wall_Darts_VR_T04,wall,Darts,VR,Epic,T04,"Wall Darts",2058DB27414C8FD47A495AB0CBB63E96,EE12430F4FB2E09648EE6A8B8928C7E3,1,-20,A0 C1,00 00 A0 C1,shifted-knockback,1,0,0,0,1,"Shoots six darts at enemies with a large range."
TID_Wall_Darts_VR_T05,wall,Darts,VR,Epic,T05,"Wall Darts",D257B47840AE1AB99D7D6682904AC18B,6867DECD416E4D03D265EC89E75B81C9,1,-20,A0 C1,00 00 A0 C1,shifted-knockback,1,0,0,0,1,"Shoots six darts at enemies with a large range."
TID_Wall_Darts_SR_T01,wall,Darts,SR,Legendary,T01,"Wall Darts",374B4B434864B36B32A95296173F6378,E6E931C54E1BC6010CFD6A9D2DB5E99A,1,-20,A0 C1,00 00 A0 C1,shifted-knockback,1,0,0,0,1,"Shoots six darts at enemies with a large range."
TID_Wall_Darts_SR_T02,wall,Darts,SR,Legendary,T02,"Wall Darts",1371F1384D11603167D2A2853F4DCD77,D40A622F41644EF02405B1BAE3859F85,1,-20,A0 C1,00 00 A0 C1,shifted-knockback,1,0,0,0,1,"Shoots six darts at enemies with a large range."
TID_Wall_Darts_SR_T03,wall,Darts,SR,Legendary,T03,"Wall Darts",753540034188C5280A4F3280B2C5052E,657459454151E7D16191709898CBBA09,1,-20,A0 C1,00 00 A0 C1,shifted-knockback,1,0,0,0,1,"Shoots six darts at enemies with a large range."
TID_Wall_Darts_SR_T04,wall,Darts,SR,Legendary,T04,"Wall Darts",132EE0E2403CF966B03C5DA3999BB343,F850B6BC480BA98506B56AA652E16917,1,-20,A0 C1,00 00 A0 C1,shifted-knockback,1,0,0,0,1,"Shoots six darts at enemies with a large range."
TID_Wall_Darts_SR_T05,wall,Darts,SR,Legendary,T05,"Wall Darts",F394C1264425A70042D68F82B2365443,A47FD86748A473776A6E82BFDFBAD1AF,1,-20,A0 C1,00 00 A0 C1,shifted-knockback,1,0,0,0,1,"Shoots six darts at enemies with a large range."
TID_Wall_Electric_UC_T01,wall,Electric,UC,Uncommon,T01,"Wall Dynamo",082EE71B4CD695EDCDAF08A733046F66,30EAA5924F53E70209E207B02B5D836C,1,-20,A0 C1,00 00 A0 C1,standard,0,0,0,0,0,"Does damage to all enemies in range when trap is triggered."
TID_Wall_Electric_UC_T02,wall,Electric,UC,Uncommon,T02,"Wall Dynamo",6A7647B04E4CD23524F8CA8720991553,1F185E2A43F4E9710CC10DBE38A8C6B5,1,-20,A0 C1,00 00 A0 C1,standard,0,0,0,0,0,"Does damage to all enemies in range when trap is triggered."
TID_Wall_Electric_UC_T03,wall,Electric,UC,Uncommon,T03,"Wall Dynamo",CA6EFC3B46F688338604D8938E3E9092,64F3101B418648C0220D72960895814A,1,-20,A0 C1,00 00 A0 C1,standard,0,0,0,0,0,"Does damage to all enemies in range when trap is triggered."
TID_Wall_Electric_R_T01,wall,Electric,R,Rare,T01,"Wall Dynamo",87339306474B77D17FF15399E31BFA65,9118B9A64DE968F405194E9B72DB3649,1,-20,A0 C1,00 00 A0 C1,standard,0,0,0,0,0,"Does damage to all enemies in range when trap is triggered."
TID_Wall_Electric_R_T02,wall,Electric,R,Rare,T02,"Wall Dynamo",44301E3241F3FA523F94BEBD8CD65E7D,5D992B4840E929EB186984BA2495C0F1,1,-20,A0 C1,00 00 A0 C1,standard,0,0,0,0,0,"Does damage to all enemies in range when trap is triggered."
TID_Wall_Electric_R_T03,wall,Electric,R,Rare,T03,"Wall Dynamo",E63228CC46781D109D1EEEBC6A359780,42C69B1E4C5ACEFC13A8BDB19F6705DD,1,-20,A0 C1,00 00 A0 C1,standard,0,0,0,0,0,"Does damage to all enemies in range when trap is triggered."
TID_Wall_Electric_R_T04,wall,Electric,R,Rare,T04,"Wall Dynamo",E3B4BD35498A45D2A83E83806D898237,D782C9C24ADF162E9E6D5F9936FEE3E9,1,-20,A0 C1,00 00 A0 C1,standard,0,0,0,0,0,"Does damage to all enemies in range when trap is triggered."
TID_Wall_Electric_VR_T01,wall,Electric,VR,Epic,T01,"Wall Dynamo",3B9300B148457B6ADA2A3E97AEDBEF47,B92D56EE4819340EC61ABAB13769B395,1,-20,A0 C1,00 00 A0 C1,standard,0,0,0,0,0,"Does damage to all enemies in range when trap is triggered."
TID_Wall_Electric_VR_T02,wall,Electric,VR,Epic,T02,"Wall Dynamo",2E273D1947C0C4EAA1C1AABAC02926B0,CA37A20143BA7FAEBA4F6BB0B69F60F2,1,-20,A0 C1,00 00 A0 C1,standard,0,0,0,0,0,"Does damage to all enemies in range when trap is triggered."
TID_Wall_Electric_VR_T03,wall,Electric,VR,Epic,T03,"Wall Dynamo",E2D8D52443FFE5CC38D2CF8BA4754C47,F363001C4FF50C24E5EB13BAFB709D26,1,-20,A0 C1,00 00 A0 C1,standard,0,0,0,0,0,"Does damage to all enemies in range when trap is triggered."
TID_Wall_Electric_VR_T04,wall,Electric,VR,Epic,T04,"Wall Dynamo",AE6856FC4A101D714D0FF6B9A3788A25,19E3209D4B8F48096C793FAF82BD91BE,1,-20,A0 C1,00 00 A0 C1,standard,0,0,0,0,0,"Does damage to all enemies in range when trap is triggered."
TID_Wall_Electric_VR_T05,wall,Electric,VR,Epic,T05,"Wall Dynamo",4555998A4A05E42458AF96ACA49564A5,475FC3834735BEDF3D7154848037F006,1,-20,A0 C1,00 00 A0 C1,standard,0,0,0,0,0,"Does damage to all enemies in range when trap is triggered."
TID_Wall_Electric_SR_T01,wall,Electric,SR,Legendary,T01,"Wall Dynamo",139558624ED23D6D4B3C0CBCFE9BFE42,DB26656B49C08E58B49104AF12E18213,1,-20,A0 C1,00 00 A0 C1,standard,0,0,0,0,0,"Does damage to all enemies in range when trap is triggered."
TID_Wall_Electric_SR_T02,wall,Electric,SR,Legendary,T02,"Wall Dynamo",9F0F95BC46C220DDF7A8868D634A8C71,2FF9B1E8432CFDF88A42889240E8F33A,1,-20,A0 C1,00 00 A0 C1,standard,0,0,0,0,0,"Does damage to all enemies in range when trap is triggered."
TID_Wall_Electric_SR_T03,wall,Electric,SR,Legendary,T03,"Wall Dynamo",82C1C886497E0E758F94C99B837BBFC7,55B985E144E2AC2F9AB296A9588D2EAE,1,-20,A0 C1,00 00 A0 C1,standard,0,0,0,0,0,"Does damage to all enemies in range when trap is triggered."
TID_Wall_Electric_SR_T04,wall,Electric,SR,Legendary,T04,"Wall Dynamo",5BA28C754712AFC61D70C0BD4A7906AE,78039BC642C8299D076483AEC4E90DDF,1,-20,A0 C1,00 00 A0 C1,standard,0,0,0,0,0,"Does damage to all enemies in range when trap is triggered."
TID_Wall_Electric_SR_T05,wall,Electric,SR,Legendary,T05,"Wall Dynamo",1E3D384B4DB3B9491D50FAA44D290501,5B81079B4504D814D9BDB4AB9CB8AFB5,1,-420,D2 C3,00 00 D2 C3,standard,0,0,0,0,0,"Does damage to all enemies in range when trap is triggered."
TID_Wall_Launcher_UC_T01,wall,Launcher,UC,Uncommon,T01,"Wall Launcher",BB0B312348F0D0593B399D8B39B113A3,EE712F074A0481A16445BEAC0DC01E4E,1,-20,A0 C1,00 00 A0 C1,standard,0,0,0,0,0,"Shoves most enemies, knocking them back and down."
TID_Wall_Launcher_UC_T02,wall,Launcher,UC,Uncommon,T02,"Wall Launcher",284A5B1040F8C4645D7D5F9F681FBB48,1424E34B4ED6013BBBE8319AB1DA63D9,1,-20,A0 C1,00 00 A0 C1,standard,0,0,0,0,0,"Shoves most enemies, knocking them back and down."
TID_Wall_Launcher_UC_T03,wall,Launcher,UC,Uncommon,T03,"Wall Launcher",888F0DFC489DEE8C9DA197B6013DE88D,81A26F7448A47E24578C719606D94449,1,-20,A0 C1,00 00 A0 C1,standard,0,0,0,0,0,"Shoves most enemies, knocking them back and down."
TID_Wall_Launcher_R_T01,wall,Launcher,R,Rare,T01,"Wall Launcher",003760A641FF5ECE15AA52861B1AE1E2,912CD1914DEEDE8FFE43FEB7D0C65D3E,1,-20,A0 C1,00 00 A0 C1,standard,0,0,0,0,0,"Shoves most enemies, knocking them back and down."
TID_Wall_Launcher_R_T02,wall,Launcher,R,Rare,T02,"Wall Launcher",32ED116C42CBD504EC2D528A777B30B5,D7FE37FF492F0D33C90936B2FFDAFCDE,1,-20,A0 C1,00 00 A0 C1,standard,0,0,0,0,0,"Shoves most enemies, knocking them back and down."
TID_Wall_Launcher_R_T03,wall,Launcher,R,Rare,T03,"Wall Launcher",4DBFF6B7427D8E9F82D9FBB79C1BEC46,FD8E4CDF45033BE1471C4DB42449F4EA,1,-20,A0 C1,00 00 A0 C1,standard,0,0,0,0,0,"Shoves most enemies, knocking them back and down."
TID_Wall_Launcher_R_T04,wall,Launcher,R,Rare,T04,"Wall Launcher",B7CCD99D4390FABEBCEB7AB49683F688,B504F461439109783E59B2BD168AB5A5,1,-20,A0 C1,00 00 A0 C1,standard,0,0,0,0,0,"Shoves most enemies, knocking them back and down."
TID_Wall_Launcher_VR_T01,wall,Launcher,VR,Epic,T01,"Wall Launcher",4CC06CFB4889483C2270E69B586F1E0D,80FF2B3246B8246A7D241BA6116A8EAE,1,-20,A0 C1,00 00 A0 C1,standard,0,0,0,0,0,"Shoves most enemies, knocking them back and down."
TID_Wall_Launcher_VR_T02,wall,Launcher,VR,Epic,T02,"Wall Launcher",1EE89F7348EF49C4EC9DFC9AE8D9D1EC,AF69EB624CF6986F0FA630980F9B0DBF,1,-20,A0 C1,00 00 A0 C1,standard,0,0,0,0,0,"Shoves most enemies, knocking them back and down."
TID_Wall_Launcher_VR_T03,wall,Launcher,VR,Epic,T03,"Wall Launcher",1E1140554A22E4BC28FCA4AE109014B3,B9052DA24E714BD5CBCF428A080E7FA9,1,-20,A0 C1,00 00 A0 C1,standard,0,0,0,0,0,"Shoves most enemies, knocking them back and down."
TID_Wall_Launcher_VR_T04,wall,Launcher,VR,Epic,T04,"Wall Launcher",89EED7524FB1F3120AAE65960568039F,4E5AFA984741BE4DCEA7D795709C3070,1,-20,A0 C1,00 00 A0 C1,standard,0,0,0,0,0,"Shoves most enemies, knocking them back and down."
TID_Wall_Launcher_VR_T05,wall,Launcher,VR,Epic,T05,"Wall Launcher",6C0DF88A4035D4E4FF18E6852FA29409,80BD46704DD07D5B7BC675B34699BB0F,1,-20,A0 C1,00 00 A0 C1,standard,0,0,0,0,0,"Shoves most enemies, knocking them back and down."
TID_Wall_Launcher_SR_T01,wall,Launcher,SR,Legendary,T01,"Wall Launcher",BE5A0F4D41EE58410EB9D1984DB2A11A,033ED8754FAE99DC0DA5038D771F7034,1,-20,A0 C1,00 00 A0 C1,standard,0,0,0,0,0,"Shoves most enemies, knocking them back and down."
TID_Wall_Launcher_SR_T02,wall,Launcher,SR,Legendary,T02,"Wall Launcher",8064981946C69DD036CD41825234F956,E29A72BA4B9B116B46310AAECD22B537,1,-20,A0 C1,00 00 A0 C1,standard,0,0,0,0,0,"Shoves most enemies, knocking them back and down."
TID_Wall_Launcher_SR_T03,wall,Launcher,SR,Legendary,T03,"Wall Launcher",256A9C684755FEC10D0CBC9E13693E49,9C229D584F2D43AB5C04DB9541D02AB4,1,-20,A0 C1,00 00 A0 C1,standard,0,0,0,0,0,"Shoves most enemies, knocking them back and down."
TID_Wall_Launcher_SR_T04,wall,Launcher,SR,Legendary,T04,"Wall Launcher",61FCB3BD428331909935289730F3BE07,30DB351E47B614C5087020B2030B695C,1,-20,A0 C1,00 00 A0 C1,standard,0,0,0,0,0,"Shoves most enemies, knocking them back and down."
TID_Wall_Launcher_SR_T05,wall,Launcher,SR,Legendary,T05,"Wall Launcher",7A4A45DF4AC1505B93C0D6B66A383A1E,4662B47C4FFF43A2C7C627BE57A982CC,1,-20,A0 C1,00 00 A0 C1,standard,0,0,0,0,0,"Shoves most enemies, knocking them back and down."
TID_Wall_Light_R_T01,wall,Light,R,Rare,T01,"Wall Lights",2DD8661145C8A03945BB0DB76C464F24,9D7DFDB54670E336D49CC9B068DFCC1E,1,-20,A0 C1,00 00 A0 C1,standard,0,0,0,0,0,"Can be placed on a flat wall piece with no obstructions."
TID_Wall_Light_R_T02,wall,Light,R,Rare,T02,"Wall Lights",A3201FB14B0C12A12103F4BADAFBD096,10A592C146968FE1317258ADBE2E8A64,1,-20,A0 C1,00 00 A0 C1,standard,0,0,0,0,0,"Stuns most enemies with blinding light."
TID_Wall_Light_R_T03,wall,Light,R,Rare,T03,"Wall Lights",331AF2FD465D2B4CB43B18B171E86F52,8602F85946CAD265C28CA19C0780DA19,1,-20,A0 C1,00 00 A0 C1,standard,0,0,0,0,0,"Stuns most enemies with blinding light."
TID_Wall_Light_R_T04,wall,Light,R,Rare,T04,"Wall Lights",C6A9053C4FFA60674A45A99DE8F80AB9,720E77D4436DC8DEE182CAB1B22DC7C4,1,-20,A0 C1,00 00 A0 C1,standard,0,0,0,0,0,"Stuns most enemies with blinding light."
TID_Wall_Light_VR_T01,wall,Light,VR,Epic,T01,"Wall Lights",5B5C8E2B494B345CA4B04FA989EAF883,263A5D324DEFB3DDF276CF8DE3C24604,1,-20,A0 C1,00 00 A0 C1,standard,0,0,0,0,0,"Stuns most enemies with blinding light."
TID_Wall_Light_VR_T02,wall,Light,VR,Epic,T02,"Wall Lights",51A1E36C43CC248C7085D7B4CFEE02C0,8B9B836248E1A3E7376EEF8B05973391,1,-20,A0 C1,00 00 A0 C1,standard,0,0,0,0,0,"Stuns most enemies with blinding light."
TID_Wall_Light_VR_T03,wall,Light,VR,Epic,T03,"Wall Lights",81BA0E7D411FFB052F2D64885E11BC80,66546A7C4775130AB22B9996D3A1D9A8,1,-20,A0 C1,00 00 A0 C1,standard,0,0,0,0,0,"Stuns most enemies with blinding light."
TID_Wall_Light_VR_T04,wall,Light,VR,Epic,T04,"Wall Lights",DE397EB042994EE2A234519A31FE0AFE,F77A170C445EB6A042D014899EB804A8,1,-20,A0 C1,00 00 A0 C1,standard,0,0,0,0,0,"Stuns most enemies with blinding light."
TID_Wall_Light_VR_T05,wall,Light,VR,Epic,T05,"Wall Lights",88752DD14E48EA7F4C2E20B082F0B099,E194735A44DB114B35F17F88A2D349B1,1,-20,A0 C1,00 00 A0 C1,standard,0,0,0,0,0,"Stuns most enemies with blinding light."
TID_Wall_Light_SR_T01,wall,Light,SR,Legendary,T01,"Wall Lights",01C420264D0FC89790C4798502BAADA2,EA5B68BD4F24F4DA51E204918BE5CE24,1,-20,A0 C1,00 00 A0 C1,standard,0,0,0,0,0,"Stuns most enemies with blinding light."
TID_Wall_Light_SR_T02,wall,Light,SR,Legendary,T02,"Wall Lights",0A94E56C4A9ADA0C41AB4D81DE3A3164,09BBA39C4D6761F1AAD096B014179005,1,-20,A0 C1,00 00 A0 C1,standard,0,0,0,0,0,"Stuns most enemies with blinding light."
TID_Wall_Light_SR_T03,wall,Light,SR,Legendary,T03,"Wall Lights",360322D640788BB58ECC6BA743F982DB,48E993374726E066E8C607BFB757DA0C,1,-20,A0 C1,00 00 A0 C1,standard,0,0,0,0,0,"Stuns most enemies with blinding light."
TID_Wall_Light_SR_T04,wall,Light,SR,Legendary,T04,"Wall Lights",2E7A206D44BD5E60577E85BB1AA22AAC,2087B1B74667022AAA5B13BB5C2B7F7D,1,-20,A0 C1,00 00 A0 C1,standard,0,0,0,0,0,"Stuns most enemies with blinding light."
TID_Wall_Light_SR_T05,wall,Light,SR,Legendary,T05,"Wall Lights",8C65D6A846745A31843172B63888EB5A,EE676C764DFE9CB93092C99706454A6D,1,-20,A0 C1,00 00 A0 C1,standard,0,0,0,0,0,"Stuns most enemies with blinding light."
TID_Wall_Mechstructor_VR_T01,wall,Mechstructor,VR,Epic,T01,"Zap-o-max",25D7F95A42BF92864E64C8948902DA77,B92D56EE4819340EC61ABAB13769B395,1,-20,A0 C1,00 00 A0 C1,standard,0,0,0,0,0,"Does damage to all enemies in range when trap is triggered."
TID_Wall_Mechstructor_VR_T02,wall,Mechstructor,VR,Epic,T02,"Zap-o-max",B04C560140D32795A1AED682D334643C,CA37A20143BA7FAEBA4F6BB0B69F60F2,1,-20,A0 C1,00 00 A0 C1,standard,0,0,0,0,0,"Does damage to all enemies in range when trap is triggered."
TID_Wall_Mechstructor_VR_T03,wall,Mechstructor,VR,Epic,T03,"Zap-o-max",39D67F55475751C4174AC8BBF6041D42,F363001C4FF50C24E5EB13BAFB709D26,1,-20,A0 C1,00 00 A0 C1,standard,0,0,0,0,0,"Does damage to all enemies in range when trap is triggered."
TID_Wall_Mechstructor_VR_T04,wall,Mechstructor,VR,Epic,T04,"Zap-o-max",1060C6994DFC9BF3D6969596124E3E33,19E3209D4B8F48096C793FAF82BD91BE,1,-20,A0 C1,00 00 A0 C1,standard,0,0,0,0,0,"Does damage to all enemies in range when trap is triggered."
TID_Wall_Mechstructor_VR_T05,wall,Mechstructor,VR,Epic,T05,"Zap-o-max",A44BD4AD48FDA91A294A9E97B31C7710,475FC3834735BEDF3D7154848037F006,1,-20,A0 C1,00 00 A0 C1,standard,0,0,0,0,0,"Does damage to all enemies in range when trap is triggered."
TID_Wall_Mechstructor_SR_T01,wall,Mechstructor,SR,Legendary,T01,"Zap-o-max",6FBEAA064C3BEA1CB1E1CDBE8644585C,DB26656B49C08E58B49104AF12E18213,1,-20,A0 C1,00 00 A0 C1,standard,0,0,0,0,0,"Does damage to all enemies in range when trap is triggered."
TID_Wall_Mechstructor_SR_T02,wall,Mechstructor,SR,Legendary,T02,"Zap-o-max",8780F3CA4E5D8796AFD01391A5F2C511,2FF9B1E8432CFDF88A42889240E8F33A,1,-20,A0 C1,00 00 A0 C1,standard,0,0,0,0,0,"Does damage to all enemies in range when trap is triggered."
TID_Wall_Mechstructor_SR_T03,wall,Mechstructor,SR,Legendary,T03,"Zap-o-max",A8344F944EF6D25589DEB487E9541D7F,55B985E144E2AC2F9AB296A9588D2EAE,1,-20,A0 C1,00 00 A0 C1,standard,0,0,0,0,0,"Does damage to all enemies in range when trap is triggered."
TID_Wall_Mechstructor_SR_T04,wall,Mechstructor,SR,Legendary,T04,"Zap-o-max",F6F4B0E1417676CB45019C8EF8CD429F,78039BC642C8299D076483AEC4E90DDF,1,-20,A0 C1,00 00 A0 C1,standard,0,0,0,0,0,"Does damage to all enemies in range when trap is triggered."
TID_Wall_Mechstructor_SR_T05,wall,Mechstructor,SR,Legendary,T05,"Zap-o-max",5D36C4AD446FE4A5F840F9B72334A384,5B81079B4504D814D9BDB4AB9CB8AFB5,1,-20,A0 C1,00 00 A0 C1,standard,0,0,0,0,0,"Does damage to all enemies in range when trap is triggered."
TID_Wall_Speaker_UC_T01,wall,Speaker,UC,Uncommon,T01,"Sound Wall",E78DCF8A429CD4AA15C221A4142D8BA7,BADC52F248ECB844C91FAC87059157BA,0,0,00 00,00 00 00 00,no-gpo,0,0,0,0,0,"Stuns Mist Monsters and causes other Husks to start dancing."
TID_Wall_Speaker_UC_T02,wall,Speaker,UC,Uncommon,T02,"Sound Wall",D554732D4EFA70BC586E96A43C1B09D3,D670EA58491F70B4E92618AA392E5AE4,0,0,00 00,00 00 00 00,no-gpo,0,0,0,0,0,"Stuns Mist Monsters and causes other Husks to start dancing."
TID_Wall_Speaker_UC_T03,wall,Speaker,UC,Uncommon,T03,"Sound Wall",D4A2D183424A9BA46207D7B9DEBF8A69,DF16E4C441586DA6A8DD26BF86919FA2,0,0,00 00,00 00 00 00,no-gpo,0,0,0,0,0,"Stuns Mist Monsters and causes other Husks to start dancing."
TID_Wall_Speaker_R_T01,wall,Speaker,R,Rare,T01,"Sound Wall",A2FCCA244FBEBACCCFC5BEA8A193E34E,76FA367B4E419AA0993B2281C05FA88C,0,0,00 00,00 00 00 00,no-gpo,0,0,0,0,0,"Stuns Mist Monsters and causes other Husks to start dancing."
TID_Wall_Speaker_R_T02,wall,Speaker,R,Rare,T02,"Sound Wall",2DB6E72D4148958FA8201E871DDD9B9D,76BFFE654C4486591F080D9922078FAE,0,0,00 00,00 00 00 00,no-gpo,0,0,0,0,0,"Stuns Mist Monsters and causes other Husks to start dancing."
TID_Wall_Speaker_R_T03,wall,Speaker,R,Rare,T03,"Sound Wall",A3B60CDC48B262A175EE228976EF893F,FC7A9AAC418D3114C6F874897837FA1B,0,0,00 00,00 00 00 00,no-gpo,0,0,0,0,0,"Stuns Mist Monsters and causes other Husks to start dancing."
TID_Wall_Speaker_R_T04,wall,Speaker,R,Rare,T04,"Sound Wall",60EA0C1A4967379BCFFEBBBF76B14A90,A0A5826A4892F7240185C5BCED51D4F0,0,0,00 00,00 00 00 00,no-gpo,0,0,0,0,0,"Stuns Mist Monsters and causes other Husks to start dancing."
TID_Wall_Speaker_VR_T01,wall,Speaker,VR,Epic,T01,"Sound Wall",049895B1454DDF19E4D66DB5D6A92E41,8E667D084FB4A7BAFE4D3ABB87171D00,0,0,00 00,00 00 00 00,no-gpo,0,0,0,0,0,"Stuns Mist Monsters and causes other Husks to start dancing."
TID_Wall_Speaker_VR_T02,wall,Speaker,VR,Epic,T02,"Sound Wall",EA7D8D844039476876179981DB10B4EE,B065AFCC41FEF4F8194D1B9F0E584642,0,0,00 00,00 00 00 00,no-gpo,0,0,0,0,0,"Stuns Mist Monsters and causes other Husks to start dancing."
TID_Wall_Speaker_VR_T03,wall,Speaker,VR,Epic,T03,"Sound Wall",8BAA161D462F276AC5FD108CC51390FB,D6E452F14A21C4634A8C02A51D44CADA,0,0,00 00,00 00 00 00,no-gpo,0,0,0,0,0,"Stuns Mist Monsters and causes other Husks to start dancing."
TID_Wall_Speaker_VR_T04,wall,Speaker,VR,Epic,T04,"Sound Wall",781FED044A03139C7C91B7B1A412316B,3250C672473A96E51620B18D1AFEFD68,0,0,00 00,00 00 00 00,no-gpo,0,0,0,0,0,"Stuns Mist Monsters and causes other Husks to start dancing."
TID_Wall_Speaker_VR_T05,wall,Speaker,VR,Epic,T05,"Sound Wall",E7097CB042B529817E7F6A95D66CE4F3,C903BE9A412E4B9BD92A3F93B4FD022A,0,0,00 00,00 00 00 00,no-gpo,0,0,0,0,0,"Stuns Mist Monsters and causes other Husks to start dancing."
TID_Wall_Speaker_SR_T01,wall,Speaker,SR,Legendary,T01,"Sound Wall",3DF6A7BA47D451429E145BAD41B5143C,F8AC85A0436F46CC29E47CA4587D823F,0,0,00 00,00 00 00 00,no-gpo,0,0,0,0,0,"Stuns Mist Monsters and causes other Husks to start dancing."
TID_Wall_Speaker_SR_T02,wall,Speaker,SR,Legendary,T02,"Sound Wall",0023F6B146EB74489BE5B7BACB9F8168,9ECEC66746EB518D60B1589EEB7AE84B,0,0,00 00,00 00 00 00,no-gpo,0,0,0,0,0,"Stuns Mist Monsters and causes other Husks to start dancing."
TID_Wall_Speaker_SR_T03,wall,Speaker,SR,Legendary,T03,"Sound Wall",D18196C14D2318F2EB4C679EFDC3A24C,6BF6C7B343BD85B964589D8D668CB787,0,0,00 00,00 00 00 00,no-gpo,0,0,0,0,0,"Stuns Mist Monsters and causes other Husks to start dancing."
TID_Wall_Speaker_SR_T04,wall,Speaker,SR,Legendary,T04,"Sound Wall",09BBBCF04BB8374892F40E9ED8A72A5D,06766E0D48328CFF20ABB0A9C7F95D89,0,0,00 00,00 00 00 00,no-gpo,0,0,0,0,0,"Stuns Mist Monsters and causes other Husks to start dancing."
TID_Wall_Speaker_SR_T05,wall,Speaker,SR,Legendary,T05,"Sound Wall",338F2E4F459876D34CDE76B5A90837D9,3E0C1D1545E18B2CFF376C9A8133DA10,0,0,00 00,00 00 00 00,no-gpo,0,0,0,0,0,"Stuns Mist Monsters and causes other Husks to start dancing."
TID_Wall_Spikes_R_T01,wall,Spikes,R,Rare,T01,"Retractable Wall Spikes",3020FC8F462949DEFD34A993B677CAB6,63A63C584BBDF286E6DC6B8B6719BA7E,0,0,00 00,00 00 00 00,no-gpo,0,0,0,0,0,"Hits all enemies on trap when triggered doing a medium amount of damage and impact."
OB_Trap_Floor_Spikes,wall,Trap_Floor_Spikes,C,Common,-,"Retractable Floor Spikes",04E407E8437F327431B3A7B5E9DFF799,9D4330FF461A132469A5C0AEB16F66BD,0,0,00 00,00 00 00 00,no-gpo,0,0,0,0,0,"Hits all enemies on trap when triggered doing a medium amount of damage and impact."
TID_Wall_Wood_Spikes_UC_T01,wall,Wood_Spikes,UC,Uncommon,T01,"Wall Spikes",E060A2D7408E85F3AA5D1F80EE87E0CC,558DBB31450625F950BC84B22CD93C87,1,-20,A0 C1,00 00 A0 C1,shifted-knockback,1,0,0,0,1,"Does damage to enemies when they melee the trap."
TID_Wall_Wood_Spikes_UC_T02,wall,Wood_Spikes,UC,Uncommon,T02,"Wall Spikes",6847D5F142D70C8FA9C8FFAAEAE807B5,66F6CF67468D3AAFDE5674AB1A6DC5AA,1,-20,A0 C1,00 00 A0 C1,shifted-knockback,1,0,0,0,1,"Does damage to enemies when they melee the trap."
TID_Wall_Wood_Spikes_UC_T03,wall,Wood_Spikes,UC,Uncommon,T03,"Wall Spikes",0C9D5B6844972716160085854D5C9C2F,DCEBED454AAD1DAD4734C882E7B5D6B2,1,-20,A0 C1,00 00 A0 C1,shifted-knockback,1,0,0,0,1,"Does damage to enemies when they melee the trap."
TID_Wall_Wood_Spikes_R_T01,wall,Wood_Spikes,R,Rare,T01,"Wall Spikes",F53627DC461C0534F29CF783E807EEE1,F7059C824C769D9C714CC5954BB53D23,1,-20,A0 C1,00 00 A0 C1,shifted-knockback,1,0,0,0,1,"Does damage to enemies when they melee the trap."
TID_Wall_Wood_Spikes_R_T02,wall,Wood_Spikes,R,Rare,T02,"Wall Spikes",9E0809B443F8887AAB98C69B9F984CD8,B13D63D746934A6E4E35F2AF162B49E1,1,-20,A0 C1,00 00 A0 C1,shifted-knockback,1,0,0,0,1,"Does damage to enemies when they melee the trap."
TID_Wall_Wood_Spikes_R_T03,wall,Wood_Spikes,R,Rare,T03,"Wall Spikes",453EA25C4E8F4931131AE6AAEA7E6FD1,2B853BB14E3BCA11A882709114823AB5,1,-20,A0 C1,00 00 A0 C1,shifted-knockback,1,0,0,0,1,"Does damage to enemies when they melee the trap."
TID_Wall_Wood_Spikes_R_T04,wall,Wood_Spikes,R,Rare,T04,"Wall Spikes",D891BA2949DCB46B342342B6C28B6AC7,2B46D7BC4390E1145D5B0EB30650E2C8,1,-20,A0 C1,00 00 A0 C1,shifted-knockback,1,0,0,0,1,"Does damage to enemies when they melee the trap."
TID_Wall_Wood_Spikes_VR_T01,wall,Wood_Spikes,VR,Epic,T01,"Wall Spikes",E8787B1A48B3AD394A565C8153AB0C5F,C3E102EE411FE768A0E759A0108F0EF1,1,-20,A0 C1,00 00 A0 C1,shifted-knockback,1,0,0,0,1,"Does damage to enemies when they melee the trap."
TID_Wall_Wood_Spikes_VR_T02,wall,Wood_Spikes,VR,Epic,T02,"Wall Spikes",10F59CDB4890906194ECBF80317137BB,81A2AEFE4A08978BCB3CCBA4C2CAF28D,1,-20,A0 C1,00 00 A0 C1,shifted-knockback,1,0,0,0,1,"Does damage to enemies when they melee the trap."
TID_Wall_Wood_Spikes_VR_T03,wall,Wood_Spikes,VR,Epic,T03,"Wall Spikes",1DF3D114424250FA26653192E2C2C088,8222B40543D37150AAA72FA948F6DD8B,1,-20,A0 C1,00 00 A0 C1,shifted-knockback,1,0,0,0,1,"Does damage to enemies when they melee the trap."
TID_Wall_Wood_Spikes_VR_T04,wall,Wood_Spikes,VR,Epic,T04,"Wall Spikes",24858A8840BB522B1F1908AC3E21BF77,1B86967A4BBCCB9D0C5889AE156EAE95,1,-20,A0 C1,00 00 A0 C1,shifted-knockback,1,0,0,0,1,"Does damage to enemies when they melee the trap."
TID_Wall_Wood_Spikes_VR_T05,wall,Wood_Spikes,VR,Epic,T05,"Wall Spikes",7C0DD81D4AD26B5FACB00293E3BC3447,9A532E5B49A7B24340B0979C7654470D,1,-20,A0 C1,00 00 A0 C1,shifted-knockback,1,0,0,0,1,"Does damage to enemies when they melee the trap."
TID_Wall_Wood_Spikes_SR_T01,wall,Wood_Spikes,SR,Legendary,T01,"Wall Spikes",AB1B5E5F4FBCB085E6DB8AA4F184BA85,EC09EA76483095F23416F880D716DBD4,1,-20,A0 C1,00 00 A0 C1,shifted-knockback,1,0,0,0,1,"Does damage to enemies when they melee the trap."
TID_Wall_Wood_Spikes_SR_T02,wall,Wood_Spikes,SR,Legendary,T02,"Wall Spikes",54EB0FE54A67BC43CC89AC9B535EBCEF,AA6C44C44F53A8A2F2913C9A6E56B7BB,1,-20,A0 C1,00 00 A0 C1,shifted-knockback,1,0,0,0,1,"Does damage to enemies when they melee the trap."
TID_Wall_Wood_Spikes_SR_T03,wall,Wood_Spikes,SR,Legendary,T03,"Wall Spikes",AE5A53B440D23B7932538BA21816931B,4C93FB9B4D0744E115867EB19797D7D9,1,-20,A0 C1,00 00 A0 C1,shifted-knockback,1,0,0,0,1,"Does damage to enemies when they melee the trap."
TID_Wall_Wood_Spikes_SR_T04,wall,Wood_Spikes,SR,Legendary,T04,"Wall Spikes",BF1087E64CA5B5C084EDEA8C34ED33A7,6CA47E044AFD9F6880309C880F60C736,1,-20,A0 C1,00 00 A0 C1,shifted-knockback,1,0,0,0,1,"Does damage to enemies when they melee the trap."
TID_Wall_Wood_Spikes_SR_T05,wall,Wood_Spikes,SR,Legendary,T05,"Wall Spikes",5BE37C544FE7DCB346A48AB3C0C8410A,B590CA474F6877663180AC9AA19BCB1E,1,-20,A0 C1,00 00 A0 C1,shifted-knockback,1,0,0,0,1,"Does damage to enemies when they melee the trap."
TID_Wall_Wood_Spikes_C_T01,wall,Wood_Spikes,C,Common,T01,"Wall Spikes",AFC8C398466961B7881B1583140BB6B4,0BD674F34FC7A0CB321C3E86DD1FBD83,1,-20,A0 C1,00 00 A0 C1,shifted-knockback,1,0,0,0,1,"Does damage to enemies when they melee the trap."
TID_Wall_Wood_Spikes_C_T02,wall,Wood_Spikes,C,Common,T02,"Wall Spikes",2BCBC02E4A055B59BEC3E7A73BCBBE0A,ACFF394745925192D5F402A46EF39147,1,-20,A0 C1,00 00 A0 C1,shifted-knockback,1,0,0,0,1,"Does damage to enemies when they melee the trap."